;x1;x2;x3;x4;x5;x6;x7;x8;x9;x10;x11;x12;x13;x14;x15;x16;x17;x18;x19;x20;x21;x22;x23;x24;x25;x26;x27;x28;x29;x30;x31;x32;x33;x34;x35;x36;x37;x38;x39;x40;x41;x42;x43;x44;x45;x46;x47;x48;x49;x50;x51;x52;x53;x54;x55;x56;x57;x58;x59;x60;x61;x62;x63;x64;x65;x66;x67;x68;x69;x70;x71;x72;x73;x74;x75;x76;x77;x78;x79;x80;x81;x82;x83;x84;x85;x86;x87;x88;x89;x90;x91;x92;x93;x94;x95;x96;x97;x98;x99;x100;x101;x102;x103;x104;x105;x106;x107;x108;x109;x110;x111;x112;x113;x114;x115;x116;x117;x118;x119;x120;x121;x122;x123;x124;x125;x126;x127;x128;x129;x130;x131;x132;x133;x134;x135;x136;x137;x138;x139;x140;x141;x142;x143;x144;x145;x146;x147;x148;x149;x150;x151;x152;x153;x154;x155;x156;x157;x158;x159;x160;x161;x162;x163;x164;x165;x166;x167;x168;x169;x170;x171;x172;x173;x174;x175;x176;x177;x178;x179;x180;x181;x182;x183;x184;x185
WT;0;0;0;0;0;0;0;0;0;0;0;0;0;0;0;0;0;0;0;0;0;0;0;0;0;0;0;0;0;0;0;0;0;0;0;0;0;0;0;0;0;0;0;0;0;0;0;0;0;0;0;0;0;0;0;0;0;0;0;0;0;0;0;0;0;0;0;0;0;0;0;0;0;0;0;0;0;0;0;0;0;0;0;0;0;0;0;0;0;0;0;0;0;0;0;0;0;0;0;0;0;0;0;0;0;0;0;0;0;0;0;0;0;0;0;0;0;0;0;0;0;0;0;0;0;0;0;0;0;0;0;0;0;0;0;0;0;0;0;0;0;0;0;0;0;0;0;0;0;0;0;0;0;0;0;0;0;0;0;0;0;0;0;0;0;0;0;0;0;0;0;0;0;0;0;0;0;0;0;0;0;0;0;0;0
A102V;-35.591;31.594;-41.887;-61.042;-34.894;-92.807;-58.063;-32.185;13.346;-60.193;-77.2;104.375;40.721;-5.195;-40.901;-63.31;16.083;-21.17;51.99;24.534;0.783;-29.793;-40.429;-59.796;29.721;-8.264;41.272;1.568;47.298;-21.759;-29.396;-86.809;11.489;41.359;-13.607;-5.292;193.466;-78.512;-3.654;-127.897;4.261;36.085;-48.381;-39.897;46.166;-6.269;-67.828;-111.362;-22.623;13.59;76.612;-19.234;-47.47;-16.344;28.33;45.128;39.064;4.288;45.95;-63.044;101.053;-40.639;-3.923;60.857;87.479;55.938;-137.886;-27.802;-30.702;19.511;163.372;55.709;48.352;-56.552;34.454;14.096;24.588;0.342;-9.266;48.887;-26.815;42.409;24.517;-37.292;8.373;-48.972;39.752;10.872;6.92;-61.798;74.548;-7.117;5.53;-27.161;29.293;-8.351;-29.15;-54.017;139.809;-40.491;-36.783;-187.862;18.798;-28.225;-25.554;65.499;150.548;-32.057;-91.98;-40.319;95.27;51.702;-2.132;-26.039;26.16;-48.054;31.086;-81.576;-8.387;44.051;72.256;-7.41;-43.869;37.46;-35.097;110.011;110.886;-28.365;-82.457;-39.988;-8.705;3.691;31.433;13.617;-15.705;64.639;29.703;-30.959;-45.997;50.593;-31.793;-59.956;-37.886;149.224;52.821;19.795;61.213;-232.003;4.349;-4.5;-24.5;-5.99;-38.876;-38.828;-55.342;-49.115;-139.304;-54.744;18.796;48.957;40.593;61.467;39.519;-2.636;-15.869;45.795;115.365;142.542;12.965;124.742;30.408;-16.052;-6.05;103.845;14.11;-5.644;-53.643;-45.02;-45.672;-40.084;0.382;-34.344;-64.55;-62.276;76.238
A171T;-37.795;34.813;-41.313;-58.472;-33.273;-90.398;-42.462;-27.625;15.405;-57.426;-75.517;104.305;45.645;-3.372;-40.389;-64.23;16.072;-25.12;52.525;24.453;13.985;-29.087;-39.379;-58.595;27.522;-1.096;43.121;-4.604;46.522;-9.966;-28.719;-84.831;11.373;44.262;-12.911;-5.606;188.467;-77.225;-6.46;-123.608;1.744;36.926;-48.728;-29.13;35.102;-6.658;-57.603;-106.422;48.508;7.771;78.514;-22.889;-47.46;-16.44;28.141;45.863;38.379;5.808;50.189;-62.41;152.704;-36.585;-1.627;73.819;81.388;57.485;-140.907;-26.212;-28.768;20.638;168.713;61.538;62.148;-58.258;33.063;13.854;23.623;-0.017;-12.238;47.173;-28.096;41.95;26.166;-32.292;9.665;-46.526;35.015;15.035;6.747;-61.38;75.308;-8.483;10.84;-27.123;22.89;-52.402;20.883;-54.992;141.018;-41.558;-55.75;-62.057;14.98;-19.308;-25.258;65.162;124.229;-30.149;-86.683;-42.432;96.567;54.243;1.611;-31.421;25.55;-48.166;31.836;-81.496;-11.149;44.533;70.92;-6.991;-44.395;37.528;-33.632;106.626;113.471;-33.392;-80.265;-44.335;-6.807;5.591;36.398;21.116;31.794;113.869;37.072;-29.021;-45.123;92.318;-22.077;-48.969;-22.937;161.052;51.77;10.731;62.421;-230.209;4.835;-4.051;-23.198;-13.58;-37.205;-36.921;-37.079;-45.073;-145.417;-55.794;21.769;64.832;42.841;59.465;36.417;-5.311;-20.673;44.274;96.847;145.985;14.69;89.421;-49.58;1.414;-4.145;104.187;38.476;-4.003;-40.092;-42.629;-35.475;-24.823;2.231;-27.157;-71.78;-62.174;76.565
A46V;-38.421;34.677;-44.047;-62.563;-72.47;-84.862;-36.496;-24.762;19.856;-56.049;-76.455;104.555;43.003;-3.306;-42.127;-64.055;16.053;-18.017;54.416;21.891;3.568;-15.239;-39.702;-58.503;27.384;-8.902;43.106;6.097;48.508;-7.714;-28.439;-83.014;9.385;47.504;-12.11;-5.648;185.898;-70.467;-10.967;-122.791;-4.343;43.574;-48.961;-49.527;32.644;-111.69;-57.568;-126.268;53.21;9.103;72.936;-20.75;-49.115;-16.073;28.186;46.3;37.989;6.032;49.503;-61.957;107.574;-37.275;-4.032;40.691;84.066;59.848;-135.668;-26.471;-21.911;21.848;170.496;60.055;62.894;-54.341;32.572;22.733;23.133;-1.211;-13.289;46.633;-35.073;42.571;29.46;-34.144;8.971;-44.916;41.577;5.694;10.818;-49.27;76.369;6.822;18.259;-31.713;25.361;-106.297;21.35;-55.421;159.375;-61.412;-54.249;-69.248;16.735;-18.625;-28.31;62.832;121.327;-28.991;-74.426;-41.284;97.454;56.3;5.03;-42.396;25.971;-51.281;32.238;-78.825;-13.242;41.42;70.077;-7.322;-46.576;36.682;-20.488;101.653;112.082;-31.398;-82.431;-47.843;-8.075;5.844;33.674;12.596;-16.35;60.44;31.293;-29.146;-35.23;51.462;-25.664;-42.088;-38.909;148.577;48.58;14.095;58.479;-230.792;2.97;-4.009;-25.057;-17.62;-28.524;-38.171;-61.273;-46.188;-147.65;-58.374;20.666;46.562;39.995;60.343;34.118;-7.252;-26.354;50.726;116.191;142.422;9.493;118.883;33.317;-13.105;5.15;110.242;2.787;-4.017;-48.803;-42.838;-51.429;-21.656;1.185;-31.131;-70.02;-65.312;80.424
C14G;4.88;25.986;-45.932;-64.234;-35.458;-95.528;-43.631;-31.632;23.231;-59.492;-85.886;105.508;42.484;69.604;-42.188;-63.011;15.484;-19.083;53.186;10.964;2.615;-21.08;-40.138;-45.161;33.856;-2.822;46.237;-4.24;49.143;-7.825;-26.327;-91.377;19.724;37.664;-12.53;-1.928;199.08;-74.943;-13.323;-133.019;-4.432;31.14;-49.526;-48.536;52.597;3.506;-45.8;-133.495;54.763;14.95;81.546;-22.366;-47.991;-17.142;27.042;42.272;40.845;6.099;48.304;-63.972;152.975;-38.603;-9.745;59.902;75.236;63.697;-138.819;-23.04;-32.68;19.09;166.185;57.958;53.831;-62.283;38.728;21.985;27.73;-0.174;-12.885;38.92;-27.096;46.566;21.126;-36.842;12.141;-54.15;36.69;8.9;5.643;-65.085;69.826;-0.385;9.991;-28.578;14.554;-90.217;20.6;-57.226;136.374;-48.054;-56.281;-59.433;13.933;-29.496;-21.133;66.085;132.77;-34.04;-96.039;-40.892;92.076;49.392;-3.564;-33.65;25.871;-52.918;29.508;-81.958;-5.148;42.732;76.901;-10.809;-47.895;38.03;-11.908;111.73;97.465;-32.721;-81.225;-52.054;-6.635;4.354;39.236;28.233;-18.162;61.529;31.4;-31.359;-45.031;54.726;-35.06;-45.795;-40.956;146.478;53.519;22.79;65.636;-238.909;4.197;-5.931;-25.525;-16.207;-40.509;-35.152;-71.993;-45.198;-157.984;-51.48;19.618;51.559;38.493;61.519;46.243;-1.768;-18.768;52.034;119.516;148.936;11.87;124.595;29.823;-12.225;-14.889;97.802;6.88;-5.033;-53.562;-53.162;-39.995;-17.813;-0.921;-34.568;-73.799;-63.155;81.072
D12A;-47.193;30.949;-45.814;-57.047;-27.305;-82.027;-40.689;-12.359;33.557;-4.721;-66.69;543.76;103.026;32.77;-24.049;-66.177;27.505;28.942;122.563;43.122;25.319;-11.359;-38.493;-53.855;42.695;4.042;52.643;12.441;57.352;-8.977;-17.258;-85.988;25.336;51.314;-3.227;-11.53;199.867;-78.915;-8.9;-128.371;7.568;35.479;-45.179;-46.174;59.56;10.758;-37.135;-97.351;89.048;39.648;115.28;-11.229;-41.759;-5.473;28.659;47.376;55.814;34.331;50.571;-58.953;152.397;-25.529;-4.073;77.196;79.831;65.476;-134.489;3.599;-11.82;53.057;266.487;169.068;110.733;-47.621;45.428;17.055;39.742;65.238;30.803;64.575;-3.981;68.862;33.507;-31.461;22.39;-51.719;60.315;13.816;12.796;-54.956;73.294;3.844;11.823;-16.65;38.518;-68.507;24.609;-53.277;145.154;-31.989;-52.389;-51.827;23.599;-19.089;-17.774;72.147;138.185;-30.625;-85.522;-34.724;94.854;51.506;-2.566;-30.202;29.952;-45.592;33.098;-79.977;1.246;48.226;81.423;-7.775;-43.311;38.793;-5.566;113.659;100.555;-28.272;-77.773;-36.471;0.071;10.355;55.958;25.547;-11.248;66.066;41.735;-21.434;-33.826;63.43;-27.481;-47.923;-38.415;149.296;58.567;25.767;64.086;-233.864;6.462;-5.07;-22.399;-14.909;-36.246;-29.894;-65.629;-40.858;-142.502;-49.527;23.87;52.515;42.627;63.861;55.72;0.539;-20.271;55.08;123.71;151.073;21.938;129.789;42.018;-8.576;-12.425;98.931;6.526;-2.721;-41.313;-52.658;-29.628;-16.07;3.308;-29.894;-63.922;-63.442;81.245
D12G;-31.406;29.7;-46.373;-55.705;-28.32;-82.388;-45.319;-16.326;58.352;-3.581;-57.617;571.593;98.35;32.9;-24.854;-65.173;25.008;24.196;118.201;40.204;21.069;-26.467;-37.907;-53.408;35.477;-0.917;51.909;9.074;57.351;-5.381;-17.997;-81.151;24.669;52.168;-0.816;-7.243;197.194;-70.273;-4.268;-125.411;3.629;40.652;-43.038;-41.503;54.373;5.465;-27.34;-115.003;90.181;37.981;107.448;-12.312;-43.87;-5.455;28.904;47.404;54.051;34.223;56.101;-57.757;106.547;-26.615;-7.061;69.669;81.114;65.817;-135.531;-1.171;-12.34;53.584;264.797;162.678;97.029;-44.802;44.208;16.49;39.743;64.809;34.869;72.722;-3.706;69.557;37.667;-32.033;23.099;-49.551;45.941;6.212;8.025;-55.304;71.352;-8.178;21.098;-17.149;38.533;-43.175;26.053;-55.594;151.672;-42.798;-52.028;-64.837;22.066;-20.881;-23.138;72.459;135.142;-29.194;-97.625;-35.285;96.559;53.162;0.098;-37.841;30.469;-43.691;33.074;-78.23;1.689;49.224;80.638;-6.831;-42.537;37.96;-30.735;106.327;101.144;-22.347;-75.016;-36.069;-0.621;10.156;54.643;19.988;-19.89;63.019;42.204;-20.484;-33.347;65.075;-27.645;-33.901;-35.656;147.956;53.197;27.403;55.957;-232.869;6.525;-4.731;-20.956;-15.028;-21.755;-29.514;-67.041;-37.673;-160.146;-51.123;22.725;52.928;46.431;62.765;54.57;6.409;-17.157;56.96;120.577;152.356;12.745;114.941;44.615;-6.432;-4.654;105.212;5.953;-2.165;-38.562;-49.285;-44.776;-29.55;2.811;-28.428;-70.404;-61.983;83.807
D136G;-44.839;23.232;-36.676;-49.794;-21.085;-82.985;-25.474;6.063;36.964;-36.225;-73.612;120.726;65.166;4.938;-39.161;-67.188;15.915;-10.877;68.438;23.623;54.684;-5.603;-31.781;-44.563;41.654;20.911;57.669;11.658;33.32;-16.195;-11.06;-91.385;18.174;42.68;-10.622;10.679;211.005;-69.481;2.198;-134.349;17.359;34.201;-43.844;-52.647;53.529;16.268;-27.309;-99.967;67.594;23.544;102.951;-11.122;-42.854;-17.122;28.128;28.127;71.742;6.951;40.527;-58.898;103.373;-30.088;-6.615;62.106;71.22;58.107;-136.749;15.108;-26.342;25.696;187.099;62.713;51.314;-61.473;35.793;13.805;26.527;8.532;-2.498;32.422;-23.008;50.632;26.132;-30.229;14.693;-45.298;49.664;24.113;4.082;-58.64;74.673;-10.341;1.795;-19.227;19.664;-98.298;19.608;-52.591;121.703;-26.921;-53.347;-45.911;20.654;-27.119;-34.322;71.076;136.783;-27.789;-91.286;-42.261;96.904;50.587;-5.674;7.051;21.95;-40.033;25.199;-74.348;-7.17;45.111;80.96;-4.937;-34.455;38.636;1.795;116.943;103.082;-35.954;-77.79;-20.15;22.62;21.354;84.745;113.406;120.887;550.201;157.692;7.08;26.607;91.961;-35.709;-71.973;-30.942;129.056;68.638;8.797;63.24;-193.099;2.051;-1.752;-28.803;-10.137;-28.604;-36.059;-46.664;-16.859;-138.901;-60.012;39.966;67.344;84.214;128.466;257.039;140.067;28.852;98.482;187.869;236.007;45.864;127.03;72.886;25.282;15.299;125.765;21.959;-25.903;-36.828;-31.99;-14.645;-2.338;17.917;-30.615;-61.75;-51.599;75.997
D49N;-38.328;35.759;-40.805;-33.951;10.591;-36.221;38.924;108.874;86.432;8.924;-67.911;133.229;139.653;17.367;-29.941;-59.863;21.47;-2.201;107.637;29.238;39.037;-15.642;-38.203;-52.991;37.412;5.902;75.141;37.38;66.341;-6.809;44.477;1.765;31.481;72.313;20.978;-9.726;201.28;-79.727;-10.864;-129.378;18.307;38.653;-38.893;-32.153;85.56;29.592;60.444;-30.718;547.915;127.81;183.731;6.093;-39.342;17.637;30.341;49.795;124.581;49.597;55.296;-59.659;108.957;-26.257;-5.421;103.976;91.163;74.301;-127.581;53.729;-7.108;35.597;270.168;89.922;73.147;-44.34;42.584;24.292;36.051;9.427;22.729;57.828;11.143;68.689;30.314;-26.431;98.564;-40.694;46.967;12.215;18.251;-37.961;74.411;-0.657;32.948;21.052;77.47;304.273;41.722;-35.172;157.812;-20.681;-13.802;17.389;97.403;26.149;11.28;102.854;179.376;-11.779;-68.304;-26.129;97.902;53.621;-0.629;-25.604;36.74;-16.116;40.777;-74.453;13.566;60.555;87.243;-5.401;-37.589;39.681;-13.574;112.494;101.342;-13.714;-65.468;-18.576;31.587;26.717;97.515;66.355;-4.65;75.86;85.622;39.976;8.243;96.183;0.418;-9.24;-8.377;155.689;66.902;36.183;73.525;-225.206;10.734;-4.729;-15.295;-1.787;-16.343;-21.785;-45.351;-24.792;-144.955;-46.11;40.952;62.283;59.248;67.829;72.604;6.958;-14.172;60.704;128.919;161.896;25.889;123.836;40.513;-0.941;-7.975;104.103;3.053;-1.002;-41.836;-36.349;-41.775;-5.806;6.45;-23.496;-66.398;-64.38;83.896
F58L;-38.374;33.126;-47.625;-64.104;-35.99;-94.724;-64.517;-31.158;8.316;-59.486;-82.538;106.394;43.698;-2.099;-39.94;-62.088;15.816;-19.398;54.884;21.271;4.121;-30.606;-42.057;-62.599;28.167;-2.614;40.589;-6.189;46.605;-8.483;-27.838;-91.716;17.837;41.559;-11.878;-1.438;197.64;-60.568;-12.035;-129.82;3.01;32.062;-50.033;-51.482;51.059;2.569;-58.3;-142.918;50.154;14.522;78.13;-27.337;-49.385;4.032;24.635;41.726;43.629;-5.051;32.507;-61.835;144.771;-39.463;-8.383;61.445;80.363;59.88;-139.072;-34.345;-41.781;13.938;183.922;61.155;46.671;-44.516;38.228;12.593;26.909;0.94;-14.834;39.594;-29.064;43.468;21.044;-36.209;9.084;-54.379;39.763;-1.174;4.132;-64.276;71.63;-4.719;7.562;-29.511;15.862;-53.784;19.473;-52.861;136.369;-31.964;-56.222;-58.844;12.041;-26.429;-21.919;64.937;131.206;-33.887;-91.002;-39.749;90.768;49.158;-4.208;-45.339;26.864;-52.385;29.333;-82.151;-6.383;42.554;74.896;-9.408;-46.121;37.733;-20.017;114.109;99.851;-27.537;-80.953;-51.94;-7.737;4.557;31.451;14.874;-26.526;63.653;30.193;-30.417;-44.805;52.341;-33.843;-52.564;-22.364;146.676;55.549;22.516;53.746;-237.354;3.211;-5.866;-26.458;-18.557;-23.974;-34.149;-61.526;-45.659;-145.744;-51.621;19.638;46.151;36.43;60.839;39.357;3.87;-19.848;50.281;119.527;145.288;19.348;126.554;40.725;-13.622;-13.748;96.224;0.057;-6.843;-54.083;-43.949;-43.573;-23.511;0.975;-34.318;-71.285;-63.417;79.186
F94L;-36.009;39.766;-40.185;-54.391;-29.248;-87.151;-40.435;-25.613;40.507;-56.215;-77.616;101.91;39.217;-4.539;-47.206;-63.029;14.728;-17.275;52.249;21.379;3.184;-27.318;-39.547;-58.53;31.904;-8.892;42.994;-9.265;50.092;-9.647;-31.597;-75.184;15.749;40.08;-7.989;0.411;175.84;-66.508;-2.981;-118.319;3.501;63.439;-42.184;-38.453;37.711;-12.082;-44.842;-106.991;48.898;3.982;54.02;-24.323;-45.514;-17.517;27.791;49.128;33.605;7.097;48.638;-61.426;129.149;-35.285;-0.843;52.664;76.042;59;-136.909;-36.148;-27.015;22.258;171.436;62.98;45.167;-51.047;30.059;15.209;23.366;-4.33;-21.566;51.117;-32.044;44.998;36.017;-29.309;8.389;-43.013;47.776;9.414;0.658;-60.619;67.415;-5.915;14.139;5.051;16.034;-109.838;26.128;-64.138;154.502;-51.937;-55.586;-61.768;15.855;-4.26;-24.528;81.689;120.954;-24.376;-58.246;-48.721;103.841;53.203;8.04;-33.628;22.163;22.567;42.57;-76.057;-22.362;54.203;71.596;-6.154;-47.111;36.703;-5.575;90.89;120.161;-17.216;-71.669;-25.39;-8.952;6.593;34.464;11.579;-22.923;58.379;29.591;-26.065;-31.76;40.478;-0.957;-32.698;-24.521;183.232;83.499;26.48;77.336;-185.603;9.539;-3.261;-16.132;4.691;-16.889;-37.022;-39.658;-42.925;-148.671;-61.209;18.578;54.901;43.349;60.759;39.806;9.508;-21.318;47.634;116.891;145.316;10.386;107.82;41.456;-11.177;12.086;114.064;-2.524;-0.455;-54.706;-49.152;-47.638;-19.539;1.248;-26.488;-64.461;-56.94;84.252
G24D;-16.052;42.692;-30.846;-54.89;-28.911;-95.869;-66.9;-58.879;-66.75;-81.891;-80.432;-13.455;-72.072;-152.35;-114.853;-78.257;-1.752;-29.397;-27.724;-51.904;-246.096;-128.828;-51.918;-745.049;-32.713;-39.81;-66.293;-49.93;1.198;-42.699;-85.629;-85.521;-1.722;10.008;-22.5;2.943;93.904;-64.386;-22.938;-84.743;-10.456;103.406;-42.28;-41.617;41.753;-9.802;-43.102;-117.323;-26.059;-27.592;42.167;-34.528;-23.74;-20.065;32.384;62.016;-0.783;-1.992;58.771;-64.26;95.536;-32.334;12.438;37.271;75.484;77.635;-122.144;-68.67;-28.516;20.719;137.442;52.794;40.615;-36.679;8.42;9.044;-0.81;-22.043;-41.573;55.549;-58.652;-23.503;10.216;-29.396;-26.422;-20.835;22.156;15.191;3.755;-60.423;73.828;5.078;-0.902;-27.722;5.429;-62.434;23.353;-69.768;93.676;-74.558;-62.883;-47.488;-2.583;-30.256;-1.209;71.009;86.273;-12.821;-61.023;-46.389;100.968;70.512;29.656;-16.039;24.404;-24.626;38.84;-61.212;-29.566;54.176;51.307;-6.614;-46.834;31.17;-38.925;50.326;108.973;-14.107;-74.207;-27.852;-47.596;-33.37;-206.66;-40.088;-47.208;39.097;-10.115;-81.366;-93.311;-5.411;-34.207;-25.729;-30.281;159.215;47.481;14.326;35.514;-154.508;14.167;-2.981;-11.538;-18.096;-51.281;-66.732;-51.128;-71.946;-129.906;-94.936;-16.014;0.1;-58.17;26.006;-13.822;-40.058;-36.102;12.98;92.824;90.456;-7.751;93.842;21.627;-42.744;5.534;142.024;-10.9;1.283;-57.099;-57.326;-119.724;-61.95;-22.543;-36.8;-66.382;-52.53;57.525
G78C;35.759;49.706;-15.03;-37.602;-10.099;-53.291;-14.082;-3.527;12.787;-45.706;-25.222;47.201;42.677;-16.924;-63.411;-64.317;1.678;-47.361;25.469;18.02;18.268;-22.492;-32.826;-44.508;40.396;-23.509;47.296;1.435;25.922;-12.812;-44.087;-79.922;3.478;10.94;-11.974;1.978;80.974;-62.704;-19.798;-73.334;-4.223;104.16;-43.887;-31.819;45.95;-6.463;-19.961;-72.072;-28.941;-22.122;56.291;-35.395;-17.891;-17.606;35.589;66.921;7.268;3.125;58.731;-64.276;90.887;-21.493;25.279;52.882;87.289;77.278;-117.19;-37.741;-16.991;29.161;88.732;83.626;64.165;-34.447;10.968;30.104;53.032;-37.278;-2.553;62.776;-27.602;-2.746;16.213;-37.129;7.406;-8.791;46.73;22.064;1.791;-44.438;78.507;23.797;4.994;-13.764;11.197;-72.963;22.759;-73.301;89.889;-57.998;-60.729;-43.458;11.79;-18.68;10.958;80.112;95.716;-7.904;-60.926;-48.126;98.562;77.038;34.96;-19.33;26.84;-10.762;44.104;-62.668;-24.401;65.599;44.645;-3.964;-40.396;32.576;-35.421;60.023;101.279;-14.071;-69.473;-3.932;-19.14;1.428;48.449;15.826;-11.455;73.435;21.209;-52.938;-51.726;19.268;-19.362;1.386;-14.555;171.774;54.206;30.935;38.569;-136.603;27.458;-4.581;0.359;-13.357;-38.397;-62.857;-49.513;-62.881;-97.945;-81.946;7.098;51.16;23.969;63.816;24.691;-42.986;-31.234;6.155;110.479;92.173;6.161;91.786;35.49;-35.922;-4.873;144.93;5.16;6.798;-46.355;-60.91;-118.439;-46.537;-20.149;-25.715;-59.511;-35.929;49.797
H51R;-29.404;42.275;-35.238;-43.597;-12.112;-63.23;-10.839;31.727;43.641;-4.63;-58.642;123.295;115.516;4.287;-44.415;-62.514;19.669;-13.507;102.111;34.084;35.978;-4.317;-36.198;-54.26;31.106;-10.211;48.773;-17.337;23.569;-11.393;-24.742;-69.557;20.379;30.397;-3.812;8.705;167.138;-60.737;-7.646;-109.093;4.432;72.723;-35.866;-27.414;51.243;20.665;6.696;-52.481;198.343;170.674;450.733;22.758;-32.216;37.284;42.499;59.505;197.257;25.931;61.472;-57.547;95.202;-23.958;9.634;80.259;79.646;68.921;-120.774;50.672;0.045;34.982;250.53;103.25;71.768;-37.951;29.185;33.07;27.434;2.063;10.49;69.942;-10.885;46.58;41.967;-62.907;15.137;-34.773;27.217;15.922;10.841;-46.966;79.604;7.592;13.996;5.99;70.664;137.914;33.62;-21.956;159.869;-1.708;52.778;100.289;100.685;15.68;-4.194;89.617;155.47;-7.145;-51.421;-30.386;106.578;67.878;13.959;-18.886;35.291;-19.771;43.953;-67.302;-2.04;58.072;74.832;-0.956;-37.66;37.616;-24.213;85.376;131.125;-30.065;-69.683;-2.711;6.617;14.285;79.984;54.789;-5.689;73.419;81.758;24.559;-3.01;88.292;11.003;-22.08;-8.424;163.598;49.529;26.703;59.523;-213.104;9.914;-1.03;-12.686;-1.753;-25.924;-33.995;-38.511;-37.623;-142.226;-62.495;28.658;52.917;42.089;66.414;63.455;7.043;-9.719;52.149;122.776;151.232;25.691;117.909;35.869;-6.956;21.146;132.142;9.389;6.551;-45.47;-38.902;-47.696;-25.912;2.109;-22.745;-53.421;-56.94;81.154
H57R;-28.008;39.413;-39.439;-50.464;-20.491;-77.074;-8.925;20.093;49.013;-25.475;-67.716;125.649;112.151;7.991;-33.892;-60.987;20.578;-10.497;114.154;34.712;33.688;-9.69;-36.765;-53.538;32.232;2.559;53.333;10.379;54.622;-6.294;-16.781;-81.382;11.702;53.643;-6.386;7.316;193.548;-63.971;-4.531;-123.39;4.458;42.601;-42.465;-25.423;48.643;7.728;-25.912;-93.795;122.471;38.684;171.601;-7.837;-40.433;13.114;32.098;63.638;527.418;68.996;57.175;-59.099;106.356;-18.463;-2.661;79.788;131.061;144.336;-108.408;121.833;12.757;40.388;281.045;89.086;82.485;-49.126;36.066;21.101;29.563;6.118;1.258;57.133;-16.4;52.94;31.897;-33.145;18.791;-44.848;50.18;4.982;13.949;-55.277;76.969;-4.056;11.606;-13.895;33.802;-38.78;39.556;-46.021;144.963;-35.032;9.903;22.101;107.281;0.527;-16.538;81.354;143.001;-22.926;-66.158;-34.423;100.445;58.144;4.524;-30.834;31.493;-36.338;38.989;-74.549;-1.12;51.86;77.543;-3.845;-37.822;38.61;-30.437;108.711;117.717;-21.598;-75.074;-30.713;4.733;14.567;77.7;57.034;3.862;78.812;87.192;15.895;8.217;91.96;3.752;-35.442;-13.281;159.184;59.326;17.388;52.679;-219.446;7.938;-2.903;-20.059;-11.409;-29.479;-29.571;-38.803;-37.563;-132.335;-53.836;29.454;59.146;65.404;66.744;67.443;5.606;-18.549;55.989;125.757;149.943;15.017;119.632;50.443;-4.903;4.93;117.126;25.084;0.699;-32.91;-35.412;-34.078;-17.792;5.243;-24.195;-74.085;-63.007;84.556
H71Y;22.034;4.651;-66.525;-65.705;-52.124;-76.341;-55.525;-11.823;64.393;-66.968;-113.21;82.769;28.251;10.999;-31.142;-64.485;14.99;-29.855;26.004;2.845;-3.403;-52.112;-58.833;-60.556;23.889;18.667;41.133;4.92;23.798;-24.884;10.549;-29.599;15.975;-57.268;13.221;-46.15;130.033;-56.269;-45.287;-172.741;-1.865;31.982;-14.353;-47.28;93.006;-3.535;-2.95;-132.772;162.864;49.928;128.84;-45.542;-3.299;-24.713;-10.95;4.07;97.579;-36.064;-7.138;-80.46;50.211;-29.503;-59.275;58.619;69.105;51.984;-126.367;-25.592;-77.947;-0.113;-53.514;22.133;21.663;-79.392;57.306;-1.357;34.722;-18.994;-11.031;55.902;47.019;48.673;27.265;-35.113;72.199;-89.974;47.575;19.106;37.713;-77.044;31.207;-19.615;-7.737;-21.432;13.208;-64.676;40.264;-66.554;140.852;-28.258;-65.247;-64.93;9.72;-49.47;-65.508;37.938;113.33;-42.118;-84.452;-14.523;80.154;70.468;6.299;-8.401;28.226;-77.833;9.33;-58.511;0.998;56.627;101.45;-26.672;-24.575;18.592;-21.417;48.577;87.866;-52.067;-42.955;-60.32;27.506;16.572;16.292;1.021;-1.477;-9.759;46.417;-33.479;-42.27;38.774;-87.211;-84.608;-25.888;82.828;28.325;2.409;38.546;-213.927;-16.443;-4.428;-30.209;-46.129;-28.029;-77.313;-69.332;14.781;-123.327;-32.005;28.867;47.538;62.693;15.221;58.701;16.736;17.062;189.869;21.686;150.565;19.309;70.635;7.268;-8.688;-14.214;76.895;-26.563;-87.95;-45.955;17.146;-54.197;39.553;-13.806;-60.281;-85.41;-53.3;-61.298
K48T;-17.782;19.099;-50.897;-76.871;-53.43;-122.149;-70.273;-50.261;-27.197;-121.202;-109.377;91.046;22.443;-11.387;-45.431;-65.239;12.546;-29.074;44.788;15.805;7.783;-35.449;-43.949;-66.715;27.305;-9.256;29.23;-17.126;37.51;-21.305;-43.548;-97.758;15.506;40.847;-22.74;-14.353;192.897;-83.211;-12.222;-135.013;-11.1;28.422;-56.727;-60.351;39.709;-16.793;-52.104;-689.35;29.508;-46.858;60.947;-36.201;-52.91;-23.481;24.385;40.088;33.889;-3.824;43.573;-64.597;114.23;-42.386;-11.671;53.617;81.462;58.369;-143.445;-32.756;-37.605;13.388;151.884;33.344;42.9;-75.997;27.6;10.279;-1.093;-16.567;-41.963;-25.481;-171;12.176;6.873;-47.26;-20.851;-63.02;0.079;-6.996;-1.814;-92.582;60.049;-16.701;-53.488;-22.088;-44.532;-75.868;12.932;-65.454;128.622;-69.239;-58.079;-61.116;3.633;-42.745;-30.045;54.434;124.692;-36.537;-81.089;-49.444;78.659;41.501;-7.365;-28.754;20.694;-64.441;23.053;-86.559;-17.638;33.582;70.311;-14.446;-55.002;35.334;-15.554;109.391;93.201;-35.451;-87.798;-54.977;-20.03;-2.242;10.875;22.571;-23.757;56.646;23.862;-32.144;-52.508;43.202;-45.469;-73.042;-43.482;137.143;48.288;17.404;43.338;-242.817;-0.075;-7.331;-31.975;-21.487;-47.014;-41.866;-54.76;-53.313;-162.098;-54.64;9.969;37.534;31.497;58.686;34.231;2.032;-24.201;47.718;113.591;142.601;10.814;123.45;34.002;-17.04;-13.626;93.575;-2.367;-11.091;-55.727;-41.483;-34.568;-32.268;-2.632;-38.775;-71.035;-67.47;77.242
L116P;-40.28;39.514;-38.532;-53.762;-33.446;-87.814;-58.756;-20.28;23.796;-55.103;-69.365;101.973;39.396;-10.133;-53.301;-65.652;14.96;-15.788;49.721;22.646;6.346;-21.747;-39.027;-59.747;17.025;-9.853;33.737;-24.372;13.738;-15.749;-36.291;-73.929;6.07;25.457;-13.526;2.602;167.461;-67.283;-8.685;-115.778;-1.678;63.308;-42.541;-35.072;46.964;4.706;-43.559;-92.013;49.179;3.84;69.128;-24.154;-44.766;-15.724;29.664;49.127;34.218;7.261;51.418;-60.613;97.537;-36.752;-0.153;55.212;73.485;61.234;-135.044;-32.169;-20.796;24.196;173.317;64.818;67.471;-35.711;26.398;26.776;19.529;-3.149;-11.653;54.877;-30.98;31.044;37.406;-64.354;2.062;-36.427;35.956;22.807;6.186;-57.41;77.558;4.679;13.114;16.086;40.46;-91.372;22.632;-61.614;147.23;-68.813;-54.224;-48.609;19.126;-29.43;-45.362;48.303;119.745;4.29;-43.029;-38.926;100.376;60.878;7.046;-10.192;29.82;128.685;13.98;-71.771;-10.281;43.861;66.124;-5.609;-43.922;35.857;-20.528;89.565;126.852;-34.228;-75.143;-51.343;-10.52;1.906;30.955;16.348;-13.127;55.23;31.347;-27.77;-40.489;49.822;-22.201;-61.869;-34.406;144.028;41.151;14.232;32.339;-226.933;2.243;-2.361;-22.828;-10.25;-30.968;-44.732;-52.392;-46.568;-151.768;-64.214;19.003;47.608;41.543;57.732;40.774;0.973;-12.72;48.548;110.489;139.932;10.175;108.481;31.203;-17.127;13.493;123.006;-7.403;-6.422;-37.308;-54.681;-77.614;-51.161;-3.065;-33.082;-70.367;-59.942;78.724
L172P;-36.652;51.548;-25.057;-43.679;-3.465;-64.896;-12.769;-6.973;16.85;-54.492;-55.643;91.799;43.741;-14.589;-50.858;-63.993;15.99;-23.832;46.436;21.721;7.808;-21.23;-34.93;-52.975;33.149;-17.112;43.214;-11.386;23.152;-15.968;-39.231;-64.752;18.913;24.853;-13.601;13.817;111.087;-50.318;-12.993;-96.497;-4.442;92.595;-38.933;-31.894;34.199;7.703;-19.805;-75.223;11.164;-10.866;53.574;-26.266;-29.829;-14.035;33.627;60.537;15.419;9.426;56.419;-61.341;101.331;-28.945;20.944;53.712;84.935;81.198;-124.38;-43.23;-19.749;26.027;169.995;66.506;55.021;-36.654;16.414;15.924;11.611;-11.182;-23.166;63.761;-33.118;19.683;28.655;-42.507;2.671;-21.573;43.007;21.284;3.589;-50.503;83.131;19.305;15.934;-16.248;29.018;-56.373;23.587;-68.754;111.222;-82.48;-58.548;-50.223;12.552;-15.326;7.494;86.162;98.665;-12.888;-72.763;-45.691;107.33;69.362;23.95;-11.779;29.085;-16.697;44.384;-63.143;-18.291;60.947;60.687;-5.013;-42.645;33.268;-32.466;56.589;127.996;-6.232;-71.956;-8.384;-8.113;3.184;42.013;19.248;-4.52;77.235;21.407;-58.233;-42.064;30.968;-18.092;14.249;-9.285;181.905;64.928;34.494;59.582;-164.613;17.488;-1.034;-6.027;-12.124;-28.247;-51.221;-27.733;-51.686;-125.979;-73.176;18.716;51.402;29.114;59.199;23.212;-11.474;-22.402;32.082;93.608;192.608;-36.807;99.435;16.204;155.537;67.183;132.118;19.781;-0.968;-43.259;-59.396;-114.19;-52.986;-14.534;-16.277;-71.983;-55.1;66.553
L4S;-9.707;36.983;-36.289;222.652;-9.161;-118.309;-23.234;-25.27;8.703;-58.915;-83.215;106.006;43.888;-1.947;-38.393;-62.241;15.858;-20.678;54.006;19.572;13.705;-19.303;-42.115;-62.121;33.11;-0.142;38.055;2.264;46.79;-9.081;-40.974;-94.124;17.659;43.27;-35.112;-11.951;196.771;-73.864;-13.525;-131.366;22.587;34.435;-43.926;-31.796;55.57;3.159;-44.653;-128.588;56.429;14.476;82.316;-22.565;-47.795;-17.289;26.169;42.473;39.351;4.453;47.574;-62.875;110.733;-37.61;-9.362;60.528;74.803;60.017;-142.418;-24.732;-32.341;19.132;164.538;58.282;55.97;-61.738;38.446;13.047;27.882;1.24;-10.917;39.26;-28.439;43.997;20.74;-39.861;3.892;-56.979;33.306;1.448;7.03;-69.729;71.412;-5.835;14.854;-24.764;23.494;-87.582;18.693;-58.071;134.936;-39.535;-56.977;-60.614;4.745;-39.556;-19.198;68.85;131.223;-33.506;-90.24;-38.428;90.623;47.831;-5.923;-31.26;26.963;-47.463;30.844;-81.927;-1.57;48.087;77.826;-9.254;-46.043;37.93;-5.499;115.08;105.058;-17.415;-54.997;-21.734;-8.313;4.774;32.51;28.854;-17.753;61.489;29.626;-31.509;-38.088;52.54;-38.73;-40.574;-29.218;145.479;54.336;24.329;47.421;-238.143;4.377;-6.212;-23.363;-13.106;-35.249;-26.771;-56.582;-36.512;-142.389;-51.588;15.227;54.619;36.425;61.518;44.287;-4.318;-22.377;51.11;116.156;147.296;7.443;125.193;29.06;-13.508;-14.851;95.514;7.258;-7.644;-48.183;-56.21;-34.253;-27.602;1.347;-31.834;-70.406;-63.544;80.644
M175V;-52.229;30.88;-42.374;-60.159;-34.212;-92.474;-57.418;-25.352;12.723;-60.361;-78.431;104.591;44.562;-4.706;-41.106;-63.305;15.935;-22.879;53.885;24.435;14.115;-30.776;-40.399;-60.006;29.216;0.203;41.77;-6.261;48.867;-19.269;-28.548;-87.673;13.634;51.968;-12.43;-9.874;192.4;-66.039;-6.822;-128.606;1.263;35.781;-49.8;-42.668;50.351;-2.424;-61.722;-122.461;50.888;9.437;78.663;-21.978;-47.593;-16.806;27.404;45.11;37.781;4.197;46.33;-62.931;101.269;-40.19;-4.755;77.91;86.979;59.072;-139.768;-26.825;-29.295;19.974;167.291;59.017;58.501;-56.72;34.848;14.674;24.765;0.625;-15.988;43.009;-30.13;43.017;24.455;-37.356;8.598;-50.552;30.055;14.201;7.09;-62.942;73.4;-7.431;5.53;-28.931;17.003;-89.197;18.394;-59.201;147.402;-50.398;-56.119;-64.936;13.611;-28.321;-24.632;66.739;126.579;-31.605;-88.674;-40.505;95.241;52.758;-1.225;-42.561;26.742;-49.415;31.485;-81.447;-8.442;44.181;72.938;-8.183;-45.831;36.973;-37.275;110.588;106.629;-28.305;-81.97;-19.048;-6.622;4.063;32.515;22.643;-20.384;63.389;31.499;-30.509;-35.071;58.164;-28.558;-37.542;-13.139;141.431;52.585;20.363;42.892;-234.094;4.305;-4.88;-25.496;-19.466;-31.453;-34.273;-41.255;-45.545;-137.697;-53.9;20.633;47.562;41.633;62.339;40.206;-2.768;-17.84;47.366;119.182;146.129;17.904;108.953;-0.914;-41.187;-6.112;104.64;25.295;-0.888;-35.451;-51.758;-50.898;5.397;-0.88;-11.639;-53.014;-64.836;76.29
P54L;-1.161;40.08;-43.278;-53.034;-36.842;-89.761;-64.004;-36.051;11.158;-66.286;-73.409;102.92;19.502;-5.931;-55.426;-68.935;8.767;-24.117;42.989;10.003;7.033;-29.206;-41.757;-65.183;19.674;-18.44;27.465;-20.196;17.125;-14.527;-35.946;-81.285;14.418;40.947;-11.393;-2.081;160.095;-73.267;-6.126;-112.153;3.256;64.095;-47.847;-32.92;38.37;-0.708;-40.17;-152.281;-0.355;4.125;79.693;-50.231;-33.902;-154.771;50.114;47.837;50.706;-15.406;44.648;-55.329;136.262;-32.089;5.184;81.039;81.128;49.724;-140.299;-44.83;-35.771;12.16;97.623;27.598;41.246;-58.104;31.003;19.361;25.448;-4.82;-6.72;44.333;-29.798;28.966;36.175;-69.57;1.4;-44.48;33.396;7.816;13.303;-59.325;72.388;-1.704;-3.413;-24.975;10.55;-86.403;30.063;-94.912;111.824;-39.954;-68.844;-41.715;-1.753;-16.823;-31.918;77.043;124.324;-32.064;-102.333;-34.935;91.566;60.261;0.31;-12.707;25.235;-46.505;37.33;-79.761;-1.35;46.396;82.27;-10.41;-44.337;37.062;-20.799;79.555;129.163;-5.973;-82.156;-41.79;-10.73;4.599;27.597;8.601;-10.322;50.466;28.129;-38.304;-51.162;36.924;-28.844;-34.803;-22.556;185.679;87.41;17.131;45.111;-167.253;8.201;-7.4;-21.927;-15.662;-32.893;-44.327;-42.212;-52.065;-158.526;-71.535;14.761;46.5;41.024;62.079;27.389;-15.217;-28.738;50.891;104.644;129.874;20.873;116.277;41.222;-18.275;-0.472;118.514;-6.03;5.212;-55.559;-47.067;-98.185;-38.592;-7.326;-30.543;-66.27;-59;76.236
P62L;-16.2;50.645;-34.36;-48.06;-3.51;-73.436;-15.175;-20.568;13.856;-54.856;-65.724;99.047;35.836;-12.223;-52.994;-64.646;14.657;-22.571;45.929;19.514;3.929;-23.445;-38.03;-58.191;23.441;-12.28;38.525;-19.033;16.805;-20.019;-35.6;-71.597;5.262;34.953;-11.616;8.986;149.872;-67.002;-8.055;-109.92;1.235;72.041;-40.859;-23.461;53.191;9.393;-19.864;-91.927;39.004;-2.318;58.183;-23.95;-40.076;-17.14;29.293;49.548;25.584;-57.047;21.262;26.078;24.251;9.154;-4.542;42.735;80.862;29.511;-160.755;-26.555;-101.528;-20.552;159.891;61.315;70.624;-47.523;22.856;18.024;16.8;-6.432;-14.689;57.071;-33.035;27.661;35.132;-63.375;4.866;-30.977;34.816;17.512;4.339;-54.204;80.271;8.57;3.004;-16.936;30.555;-66.257;24.402;-64.353;138.634;-62.348;-56.469;-54.514;9.275;-15.471;-0.607;87.925;110.122;-18.217;-86.185;-40.875;105.525;64.434;17.47;-24.782;28.831;-19.932;39.291;-69.018;-13.381;54.618;66.889;-4.384;-42.548;36.151;-12.628;78.107;135.745;-15.908;-72.253;-17.124;-6.605;3.515;30.69;10.985;-15.555;57.671;19.435;-64.417;-48.566;16.682;-30.016;-13.932;-18.128;179.852;76.528;19.968;75.369;-176.095;10.728;-1.342;-11.719;-1.679;-27.475;-40.778;-44.05;-48.814;-137.022;-68.467;21.186;38.685;29.569;57.122;33.01;-2.951;-17.838;41.07;112.742;132.979;16.595;111.132;32.095;-19.996;13.846;128.159;-0.53;3.001;-49.088;-43.74;-50.583;-25.417;-4.784;-28.27;-54.423;-59.166;76.585
P62R;-44.187;36.671;-43.367;-55.87;-29.574;-88.904;-38.558;-21.132;31.087;-50.116;-74.962;118.346;62.175;6.811;-32.572;-58.45;21.191;16.454;102.435;30.184;25.186;-11.989;-39.374;-58.773;31.076;-6.714;47.933;7.132;53.892;-14.898;-22.05;-85.013;10.779;48.238;-8.386;-9.938;196.529;-72.085;-11.916;-125.529;7.434;38.663;-45.41;-34.144;56.429;2.402;-57.852;-141.059;68.404;20.532;83.863;-16.001;-43.198;-7.41;30.382;51.106;63.211;43.161;59.287;5.479;2.434;416.818;34.344;86.637;106.443;83.597;-123.256;100.252;20.795;43.25;193.477;69.12;72.616;-57.12;39.077;33.178;34.265;5.975;-9.348;53.557;-21.011;50.583;31.551;-34.322;16.236;-50.537;41.111;39.374;10.541;-58.792;71.572;5.655;6.158;-25.213;22.682;-97.876;22.659;-57.913;160.988;-29.574;-51.136;-62.294;9.732;-22.042;-23.556;70.762;135.219;-30.482;-72.913;-36.236;96.251;52.702;-3.513;-21.054;28.896;-46.915;32.262;-78.844;-0.088;46.919;78.852;-6.794;-43.294;38.668;-21.535;115.898;108.335;-26.486;-76.738;-37.781;-2.759;8.413;42.977;30.981;-21.831;65.482;41.682;-25.265;-31.516;62.324;-28.891;-50.689;-37.282;147.877;55.191;18.254;57.917;-234.818;3.843;-5.936;-23.024;-13.244;-34.898;-28.505;-68.325;-41.181;-154.118;-50.426;23.113;58.594;46.862;64.731;52.525;9.479;-17.864;59.833;116.421;147.037;12.361;127.078;42.501;-8.396;-6.751;103.128;4.682;-3.148;-51.814;-50.018;-48.495;-21.202;3.629;-28.942;-71.293;-57.735;90.333
Q10P;-43.094;27.857;-46.242;-50.556;-25.191;-76.594;-105.564;54.28;22.555;11.96;-101.208;119.116;65.027;-7.145;-40.665;-63.555;16.201;-15.706;58.909;13.67;6.471;-31.515;-42.591;-67.722;31.051;-3.114;42.379;19.553;56.436;-5.935;18.981;-5.773;20.42;57.727;8.338;-11.021;199.214;-76.468;-2.884;-128.982;7.734;34.674;-45.51;-39.715;69.431;13.339;2.649;-83.81;84.215;8.134;84.807;-22.182;-49.481;-16.67;25.783;41.215;44.376;5.942;47.709;-62.855;143.199;-37.414;-14.861;78.383;77.034;63.205;-139.03;-19.929;-29.369;20.11;172.278;54.747;50.657;-64.51;37.348;13.656;23.623;-0.302;-33.586;85.874;-7.595;31.011;20.862;-32.946;76.158;-43.193;41.815;8.154;14.206;-53.914;69.329;0.106;1.243;-20.118;16.48;-54.708;19.73;-58.1;146.919;-34.956;-55.882;-59.629;15.949;-19.287;-20.774;70.94;135.923;-31.499;-82.749;-37.138;90.662;49.356;-5.828;-14.068;26.966;-45.519;29.407;-77.451;-5.725;44.057;77.022;-11.315;-45.04;37.912;-7.518;112.859;100.507;-23.804;-72.958;-49.764;0.877;-3.32;-15.632;20.343;-46.03;18.055;28.79;-22.588;-46.847;49.045;-38.789;-36.563;-42.529;139.803;53.818;11.135;58.6;-239.969;0.773;-6.096;-26.412;-15.249;-26.741;-28.376;-54.2;-37.949;-157.143;-50.308;27.351;48.221;38.526;54.422;42.46;19.736;-9.732;64.306;102.517;99.379;16.537;111.16;22.562;-17.714;-11.38;96.178;-15.698;-9.237;-49.945;-50.779;-32.529;-25.157;2.261;-32.458;-83.718;-63.39;85.913
R29P;-31.482;38.565;-26.824;-39.256;-10.342;-49.81;-27.391;-4.467;20.456;-53.425;-53.393;88.142;42.004;-26.319;-77.148;-70.758;11.987;-30.371;38.182;16.216;7.871;-14.265;-28.174;-34.496;-48.883;-26.399;22.363;-12.1;-188.251;11.304;-0.377;33.142;2.939;34.508;3.157;4.369;93.483;-53.062;-13.398;-94.738;-7.474;99.694;-45.586;-34.484;38.223;2.507;-33.885;-114.756;0.312;-18.7;56.956;-32.306;-30.39;-18.682;32.586;59.251;13.865;2.544;51.244;-65.644;93.038;-26.939;17.755;19.395;84.723;81.719;-124.9;-41.018;-16.813;24.36;163.745;66.707;49.856;-37.421;13.97;9.772;3.916;-12.255;-15.874;60.532;-34.423;-5.917;10.662;-29.255;54.364;-12.442;38.591;16.945;7.392;-47.152;81.17;6.446;15.673;-17.107;13.422;-84.816;24.115;-70.235;121.994;-60.151;-60.521;-46.545;6.186;-22.266;4.578;80.82;102.04;-14.452;-62.904;-49.453;100.277;69.748;21.069;2.761;24.277;-17.666;41.573;-66.138;-24.897;59.351;55.781;-8.54;-47.251;33.681;-18.923;54.307;117.329;-21.545;-76.227;-8.681;-11.533;0.933;39.154;8.551;-11.136;65.827;15.783;-62.948;-54.849;14.814;-26.169;-15.879;-17.632;176.311;65.011;22.117;37.167;-156.417;18.1;-3.523;-8.307;4.302;-40.782;-65.356;-49.059;-62.572;-104.696;-84.792;11.315;41.497;23.927;60.11;22.359;-36.028;-29.039;16.797;105.741;102.35;0.661;96.5;30.955;-35.308;2.688;139.852;9.196;-2.671;-46.81;-62.08;-98.493;-55.973;-19.912;-34.995;-72.742;-50.964;56.836
T135P;-37.665;47.318;-35.746;-44.384;-3.159;-72.959;-21.674;-20.61;23.298;-54.903;-68.241;100.07;28.622;-13.216;-54.353;-66.02;14.504;-20.168;42.06;25.179;-31.459;-13.305;-38.595;-60.472;25.645;-11.672;40.987;-20.123;19.041;-17.673;-32.067;-72.355;3.544;30.226;-10.818;8.519;157.184;-61.474;-10.075;-112.131;2.089;74.208;-39.25;-37.317;50.769;11.615;-19.951;-103.001;44.147;-0.37;58.713;-22.288;-40.812;-16.229;29.749;50.547;27.679;4.484;47.526;-61.204;119.383;-35.809;0.326;42.143;81.516;58.244;-136.671;-44.074;-26.379;22.885;168.712;64.144;43.705;-48.914;23.403;16.712;17.592;-5.386;-11.538;54.562;-32.571;34.182;36.98;-59.101;5.419;-33.031;34.036;18.368;5.218;-54.295;78.49;-0.097;-14.282;-15.677;24.36;-101.971;23.495;-64.258;147.934;-81.312;-54.816;-63.787;7.787;-20.382;-2.258;89.076;111.216;-18.639;-79.098;-38.132;102.804;62.562;14.76;-9.154;28.14;-19.893;39.388;-67.715;-11.875;55.846;66.783;-4.397;-42.407;35.713;-29.665;83.371;131.572;-13.04;-67.103;0.082;3.546;9.7;8.715;-27.885;-15.185;60.077;-1.515;-65.856;-44.517;5.364;-40.971;-11.149;-33.464;169.7;74.957;37.868;46.956;-185;7.221;-0.926;-15.878;-2.888;-17.449;-39.893;-54.79;-39.141;-151.709;-63.196;29.881;84.998;16.831;-56.012;39.771;-6.58;-14.83;48.286;105.799;111.689;9.447;104.767;19.872;-18.058;16.418;123.292;-3.407;-5.317;-46.204;-40.107;-100.309;-37.722;-3.503;-28.782;-56.943;-55.397;71.818
T142A;-6.91;25.07;-48.092;-60.994;-28.717;-90.834;-49.191;-29.694;35.285;-57.73;-82.412;106.261;41.659;-0.835;-39.016;-63.454;16.476;-14.407;54.689;24.027;2.299;-20.462;-41.956;-61.768;34.06;-4.391;40.004;-3.919;47.437;-3.813;-27.812;-86.678;21.672;45.933;-6.914;-9.036;194.963;-72.752;-9.26;-130.689;5.565;37.975;-46.681;-45.423;51.593;0.335;-32.493;-147.885;58.418;13.844;78.181;-25.423;-50.169;-16.946;26.024;43.599;39.22;5.623;42.278;-63.699;103.342;-37.397;-11.927;57.433;77.623;62.902;-140.923;-26.633;-31.772;20.181;167.059;58.288;58.318;-47.554;37.85;29.018;28.465;0.089;-15.854;46.891;-26.28;48.001;26.011;-29.487;10.813;-53.602;40.645;-1.678;15.437;-63.085;68.034;-7.541;5.352;-21.644;23.346;-79.117;21.258;-59.585;154.512;-36.45;-56.611;-67.766;13.101;-25.308;-1.84;80.063;138.27;-29.113;-101.911;-38.45;92.358;49.705;-2.051;-41.963;28.872;-39.926;31.318;-80.02;-2.432;45.546;76.502;-9.63;-45.828;37.154;-20.025;105.696;99.996;-40.245;-78.392;-49.935;-7.409;3.749;28.009;8.461;-32.113;56.135;26.734;-56.706;-53.748;45.107;-61.653;60.473;-42.373;136.321;40.919;12.759;43.129;-239.341;3.083;-6.226;-25.597;-17.638;-37.144;-35.211;-66.624;-43.328;-163.606;-53.198;18.195;44.463;39.309;58.877;44.686;3.949;-19.687;52.204;113.546;145.69;7.828;111.801;35.63;-13.762;-9.323;98.252;-2.149;-7.749;-49.235;-49.258;-36.026;-38.286;0.276;-34.518;-83.894;-65.614;79.245
T160K;-24.95;46.364;-33.268;-40.513;-18.899;-72.881;-15.322;-15.851;39.348;-44.61;-65.089;109.254;56.423;0.73;-40.985;-63.73;17.364;-18.414;60.244;24.802;22.904;-13.03;-29.002;-48.149;39.54;7.546;78.875;1.622;59.234;-18.917;-9.519;-72.478;18.42;43.367;-2.458;3.343;179.84;-68.891;10.296;-113.156;5.906;57.947;-41.01;-29.669;36.229;9.641;-42.005;-121.646;50.303;8.864;80.994;-21.129;-46.455;-13.638;29.771;48.711;41.752;10.507;47.148;-60.746;119.673;-33.416;3.084;58.682;81.061;57.966;-132.14;-19.57;-23.17;25.776;179.497;66.524;54.291;-30.13;30.202;24.798;23.888;0.293;-13.759;56.367;-23.847;49.379;35.831;-27.867;18.902;-36.329;35.963;9.813;3.897;-54.376;77.983;-1.822;6.462;-22.351;23.976;-54.202;23.747;-63.901;139.114;-42.198;-52.331;-60.259;25.641;-12.446;-24.175;73.069;120.721;-25.781;-60.51;-39.052;100.828;58.748;3.819;4.793;26.839;-37.741;36.377;-74.108;-8.606;52.862;74.054;-3.749;-40.821;37.824;-30.129;98.867;126.691;-30.293;-62.019;7.395;26.435;19.632;67.99;49.94;197.849;79.075;52.091;-13.377;30.984;98.836;-8.524;-47.575;-12.925;156.765;50.69;13.96;39.555;-216.46;6.184;-1.134;-16.817;-4.991;-23.946;-15.229;34.305;-14.616;58.712;-33.671;37.509;668.888;74.896;78.858;70.813;1.516;-3.088;58.982;128.678;221.529;31.834;134.842;66.574;128.432;26.809;130.544;64.31;13.49;-47.122;-34.95;-89.153;-14.621;14.877;26.719;-23.831;-43.361;88.267
T76P;-14.388;45.991;-36.382;-47.858;-10.291;-72.492;-28.022;-20.491;13.145;-59.102;-61.868;100.07;35.984;-10.773;-54.4;-65.904;16.885;-20.624;46.662;28.53;0.988;-10.765;-38.672;-57.194;22.818;-12.64;37.169;-18.894;18.188;-32.72;-37.612;-75.508;11.968;21.53;-9.14;4.442;143.921;-63.188;-10.337;-107.977;-4.401;84.162;-41.04;-54.32;54.957;-2.798;-22.27;-75.974;29.058;-23.163;47.927;-27.48;-37.813;-17.846;30.249;52.966;25.38;5.15;49.198;-60.799;83.656;-33.47;2.149;38.138;82.152;60.334;-136.142;-44.295;-18.055;26.473;174.531;27.336;9.828;-76.294;46.402;-42.487;10.476;-4.94;-41.313;53.884;-34.57;27.458;34.657;-59.561;3.704;-31.445;30.188;26.205;10.563;-54.278;76.21;0.541;-3.471;-17.619;12.353;-86.08;22.391;-62.956;122.579;-84.416;-58.3;-46.038;9.898;-17.121;-0.239;87.361;108.462;-19.928;-83.374;-41.374;99.283;64.092;12.595;-12.403;28.222;-22.315;40.399;-65.278;-12.548;57.174;66.624;-4.067;-46.207;36.355;-18.811;76.925;128.249;-20.538;-73.573;-16.828;-7.772;2.716;33.982;18.075;-23.687;52.211;19.908;-63.675;-51.171;17.176;-34.54;-17.222;-16.138;178.055;72.696;26.578;37.415;-170.18;9.576;-1.636;-14.347;-15.458;-36.455;-46.669;-50.616;-49.633;-141.294;-68.586;20.218;55.263;38.869;61.232;36.033;-4.473;-15.214;44.649;105.615;127.269;13.426;112.992;31.954;-20.833;14.402;132.563;8.58;0.587;-40.4;-46.884;-104.991;-37.802;-7.366;-31.193;-54.744;-58.902;79.638
V125F;20.343;48.965;-38.2;-38.277;-9.884;-61.577;-7.759;-4.908;9.945;-51.789;-45.279;87.678;45.692;-18.836;-57.218;-65.519;17.263;-24.948;41.61;32.781;18.43;-21.191;-33.643;-49.817;31.202;-24.202;43.306;-8.424;23.018;-29.231;-42.862;-74.433;12.825;25.487;-13.489;4.065;97.309;-62.49;-16.437;-85.055;-22.96;-17.486;-81.965;-43.001;34.665;0.596;-20.03;-66.62;-12.428;-16.662;55.675;-26.24;-24.501;-15.137;35.137;65.916;9.672;8.451;61.212;-64.213;90.594;-23.885;23.346;38.56;81.04;90.014;-116.373;-39.215;-15.799;28.172;163.037;69.364;51.092;-32.214;10.836;12.713;5.993;-13.614;-32.363;61.958;-34.219;9.233;21.258;-47.171;3.999;-14.295;30.669;22.392;6.314;-50.326;62.059;9.345;4.6;-14.508;14.73;-77.552;26.103;-67.476;89.948;-80.653;-59.52;-44.747;14.2;-16.884;9.356;81.661;94.899;-9.995;-47.578;-47.748;106.654;74.486;30.075;-9.192;29.146;-13.853;46.802;-56.169;-10.761;59.024;42.556;-2.479;-18.668;32.731;-2.047;60.943;115.836;-20.309;-68.217;-5.555;-11.133;-0.405;38.117;11.29;-12.157;68.073;19.864;-58.803;-60.403;18.072;-16.933;9.554;-16.828;170.423;57.571;23.912;49.258;-151.062;20.747;-0.857;-2.569;-6.077;-34.449;-60.018;-39.471;-55.667;-104.316;-79.989;14.701;44.617;22.578;58.798;20.03;-35.782;-30.659;13.023;109.446;101.376;1.548;98.765;27.088;-31.112;6.444;146.266;5.446;7.59;-44.714;-55.184;-114.634;-51.448;-19.253;-27.462;-49.298;-48.829;59.481
V139A;4.73;28.59;-45.237;-60.428;-35.795;-95.503;-46.928;-32.97;21.246;-59.87;-82.833;105.864;43.622;-1.603;-38.003;-62.412;15.873;-20.605;54.66;20.073;13.926;-18.922;-42.255;-61.856;33.259;0.527;40.385;4.274;47.736;-8.321;-26.908;-91.275;19.168;49.616;-11.59;-11.77;197.036;-74.006;-9.266;-132.294;4.879;30.976;-50.194;-49.224;51.574;3.153;-60.518;-132.708;54.239;13.592;82.401;-22.593;-47.762;-16.738;26.257;42.744;40.421;4.943;47.845;-63.526;145.552;-37.46;-8.711;60.931;75.146;60.44;-139.964;-24.026;-32.126;19.183;165.297;57.892;56.055;-61.68;38.48;13.109;27.878;1.347;-11.349;39.126;-28.359;44.596;21.634;-38.779;9.382;-54.711;35.981;8.324;4.373;-64.116;70.56;0.191;9.632;-28.532;14.93;-51.436;19.417;-58.138;135.393;-50.984;-55.955;-58.843;13.119;-29.582;-21.133;66.148;132.43;-33.805;-96.055;-39.449;91.086;48.883;-3.969;-44.959;26.223;-51.93;29.341;-82.038;-5.208;42.211;76.273;-9.882;-48.029;38.145;-11.628;113.786;100.643;-31.614;-79.571;-43.364;-10.001;5.876;32.298;21.525;-28.158;61.807;33.626;-26.277;94.779;66.86;-33.948;-48.68;-34.14;143.274;54.071;22.761;52.329;-237.941;3.766;-6.212;-26.189;-15.136;-40.043;-34.63;-59.824;-45.328;-156.72;-52.039;19.766;57.103;36.974;62.049;44.524;0.789;-22.268;51.093;116.181;146.651;12.356;124.946;36.848;-13.716;-14.992;95.459;-9.974;-7.41;-48.194;-37.432;-44.395;-26.059;-0.023;-33.253;-83.806;-64.162;79.537
V180F;-20.574;44.959;-29.235;-41.411;-28.429;-63.941;-59.019;-10.281;14.264;-54.235;-56.599;91.372;39.391;-13.501;-51.398;-63.991;16.052;-24.576;43.501;18.513;15.996;-19.482;-33.582;-51.231;33.168;-8.517;54.002;22.022;29.255;-10.953;11.683;46.327;18.682;51.994;5.668;13.624;116.785;-58.648;-6.711;-97.206;1.332;86.335;-38.636;-27.392;36.278;0.794;-41.193;-106.333;20.537;-9.924;51.347;-22.011;-30.805;-13.989;34.395;61.161;18.178;11.657;61.74;-59.673;102.219;-30.278;22.985;62.288;76.171;87.4;-120.604;-42.144;-19.121;26.593;170.988;65.159;72.682;-40.829;14.708;15.28;10.424;-9.559;-10.959;62.222;-30.546;31.342;29.899;-5.874;63.623;-7.07;39.117;18.124;2.953;-44.392;82.805;6.365;3.474;-22.256;14.122;-88.821;24.482;-61.43;128.377;-84.841;-55.978;-56.884;18.339;23.806;43.861;97.074;100.366;-11.508;-65.347;-48.235;111.946;68.371;24.421;-7.411;28.635;-23.509;42.796;-61.464;-23.002;54.978;60.134;-5.283;-40.695;32.338;-19.42;58.432;126.676;-25.397;-69.756;-42.49;-13.729;-1.053;31.6;11.771;-15.927;70.286;17.557;-64.949;-64.478;11.152;-21.073;143.811;-27.445;53.003;16.587;11.836;58.679;-156.606;21.052;0.121;-8.919;-11.627;1.265;-50.947;-44.384;-50.234;-119.041;-71.465;25.367;38.829;29.304;57.303;39.113;-28.82;-29.561;19.715;124.761;123.842;7.523;106.963;33.422;-24.753;17.001;144.508;-16.247;21.167;-31.749;-43.507;-104.7;-33.583;-3.992;-21.878;-59.08;-54.421;66.163
W119L;-44.465;32.085;-43.881;-57.867;-28.07;-85.56;-33.51;-16.919;17.426;-55.322;-76.058;105.627;46.633;-3.7;-41.61;-63.682;16.2;-20.844;53.86;24.957;6.293;-29.799;-40.171;-59.118;29.649;-0.427;43.839;-5.555;47.92;-21.309;-27.299;-86.137;13.574;45.499;-12.275;-9.031;190.418;-73.282;-14.809;-127.455;5.602;35.114;-52.115;-20.883;68.488;5.039;-40.488;-109.451;52.058;10.59;78.59;-21.511;-47.493;-17.176;28.098;44.994;37.852;5.321;47.25;-62.526;108.803;-36.992;-2.242;74.693;88.424;55.497;-140.454;-25.914;-28.526;20.554;168.886;60.615;56.119;-56.988;33.954;13.085;23.888;0.929;-8.175;49.789;-26.363;42.675;25.069;-39.193;10.286;-47.752;39.896;10.139;7.415;-58.376;68.876;18.331;9.645;-17.073;20.535;-93.169;20.006;-59.115;146.042;-50.791;-55.659;-63.433;5.28;-38.371;-24.369;67.268;125.64;-27.157;-86.491;-43.212;94.02;52.542;-0.188;-41.727;26.456;-44.401;31.275;-79.995;43.04;44.655;71.957;-6.779;4.142;38.086;-35.729;109.571;111.678;-42.687;-80.718;-34.56;-4.774;5.861;37.391;15.894;-14.596;63.875;29.251;-32.331;-38.934;50.113;-35.167;-34.334;-33.039;148.49;51.688;10.744;62.505;-231.906;4.627;-4.228;-23.779;-5.44;-39.59;-38.026;-53.632;-48.087;-138.761;-55.029;19.553;46.029;42.471;61.522;38.802;-9.66;-20.635;45.064;114.75;140.702;8.683;124.786;30.557;-15.031;-3.776;104.377;-6.702;-6.501;-52.394;-46.393;-35.417;-25.042;0.486;-33.011;-79.75;-62.906;77.729
Y34D;-12.023;12.666;-56.636;-78.882;-41.689;-97.692;-50.041;-37.784;13.54;-61.661;-87.471;105.864;39.043;-1.236;-43.987;-64.928;13.453;-24.853;53.127;17.37;12.056;-27.648;-47.142;-67.792;23.561;-2.655;28.718;2.152;34.347;-47.288;-28.138;-31.707;-46.846;-174.412;-41.83;-25.469;173.538;-59.981;-24.493;-135.617;-19.029;22.727;-57.373;-56.718;53.43;2.57;-48.543;-135.235;49.752;12.024;79.721;-26.581;-48.736;-19.994;24.56;40.305;39.417;1.907;46.386;-63.567;147.123;-36.537;-10.385;60.071;75.398;60.731;-143.368;-25.844;-35.874;16.151;161.574;55.168;52.606;-65.118;38.709;10.078;27.181;0.314;-11.461;33.586;-26.595;42.991;17.688;-43.224;59.404;-59.715;38.432;3.514;4.983;-65.438;63.695;-1.402;8.7;-31.6;18.161;-50.84;19.706;-59.087;132.499;-41.285;-57.401;-61.926;9.718;-31.89;-22.292;63.334;133.524;-37.039;-95.398;-38.482;85.662;45.059;-8.62;-32.465;24.205;-58.01;26.328;-84.774;-4.758;37.397;79.039;-14.085;-51.623;36.611;-15.563;107.222;96.746;-34.663;-86.906;-69.118;-11.451;3.641;25.798;26.466;-22.01;52.03;30.087;-32.515;-51.437;48.993;-39.85;-51.775;-32.162;145.224;55.49;21.734;48.874;-236.551;0.628;-10.402;-32.957;-19.411;-42.742;-43.736;-61.761;-37.655;-180.01;-87.757;-54.266;38.792;38.956;58.958;38.591;-0.106;-30.274;52.753;112.119;142.643;3.702;124.804;26.103;-19.653;-26.515;91.482;3.103;-8.363;-50.467;-51.76;-48.065;-29.682;-5.802;-39.773;-84.865;-76.941;-17.262
Y64D;-11.617;20.421;-48.385;-66.157;-42.75;-102.746;-69.593;-40.937;26.328;-69.653;-90.725;94.22;15.266;-8.73;-48.394;-67.673;10.98;-41.743;-6.272;14.654;-17.768;-32.66;-45.275;-66.145;29.643;-7.285;32.81;-2.713;42.981;-6.325;-33.133;-89.447;19.563;41.691;-10.879;-10.449;193.741;-80.612;-4.975;-130.13;-2.493;33.376;-49.562;-49.295;59.309;-4.282;-49.176;-161.056;46.162;5.155;65.902;-31.535;-53.985;-25.568;22.209;36.165;19.859;-21.277;-4.011;-75.116;80.657;-83.509;43.597;-286.32;66.901;59.452;-187.274;-140.183;-97.516;3.792;138.746;51.26;51.053;-51.524;36.021;21.303;22.84;-3.95;-21.847;41.72;-34.229;39.513;21.587;-43.064;5.191;-56.378;38.038;-3.139;13.437;-68.496;66.037;-0.721;-16.733;-35.097;14.678;-134.835;17.966;-62.8;148.624;-41.5;-60.663;-76.188;-0.144;-33.921;-30.753;59.638;126.339;-35.564;-108.042;-41.75;89.633;47.088;-4.34;-41.892;24.16;-56.752;24.747;-83.21;-8.106;39.064;73.299;-12.313;-49.567;35.9;-24.062;103.68;97.431;-44.772;-81.281;-59.029;-11.305;0.772;12.932;1.049;-36.815;45.564;11.862;-42.101;-45.92;38.648;-45.692;-48.683;-29.247;134.36;46.347;7.863;40.88;-244.6;-0.383;-7.422;-29.35;-18.002;-29.053;-38.998;-56.328;-46.362;-169.376;-56.304;14.064;38.284;34.335;55.19;23.09;-8.038;-23.389;47.511;109.452;144.139;3.953;117.115;32.959;-16.204;-11.935;92.909;-15.718;-12.562;-51.304;-51.437;-37.523;-39.378;-1.753;-37.633;-86.358;-67.717;78.101
