1,2,3,4,5,6,7,8,9,10,11,12,13,14,15,16,17,18,19,20,21,22,23,24,25,26,27,28,29,30,31,32,33,34,35,36,37,38,39,40,41,42,43,44,45,46,47,48,49,50,51,52,53,54,55,56,57,58,59,60,61,62,63,64,65,66,67,68,69,70,71,72,73,74,75,76,77,78,79,80,81,82,83,84,85,86,87,88,89,90,91,92,93,94,95,96,97,98,99,100,101,102,103,104,105,106,107,108,109,110,111,112,113,114,115,116,117,118,119,120,121,122,123,124,125,126,127,128,129,130,131,132,133,134,135,136,137,138,139,140,141,142,143,144,145,146,147,148,149,150,151,152,153,154,155,156,157,158,159,160,161,162,163,164,165,166,167,168,169,170,171,172,173,174,175,176,177,178,179,180,181,182,183,184,185
WT,0.209180,0.160521,0.125505,0.089982,0.075068,0.059610,0.040666,0.109887,0.376398,0.123656,0.130119,0.065349,0.044071,0.017026,0.032968,0.106817,0.109529,0.167977,0.031065,0.044190,0.016757,0.044516,0.075574,0.039713,0.061258,0.165393,0.049590,0.046551,0.083945,0.077101,0.233327,0.052803,0.128485,0.072765,0.060712,0.072988,0.078189,0.038999,0.028387,0.134267,0.098137,0.151745,0.132703,0.052625,0.146395,0.154834,0.090483,0.095757,0.069695,0.128153,0.249267,0.486007,0.660789,0.542767,0.688502,0.587682,0.581915,0.206038,0.473388,1.211711,0.914800,0.165005,0.631435,1.225645,1.989879,1.536026,0.740546,0.378513,0.217526,0.140839,0.027211,0.071223,0.051693,0.086375,0.092950,0.839324,0.078029,0.051756,0.055363,0.041010,0.043145,0.032496,0.016927,0.063357,0.041828,0.068981,0.045166,0.042947,0.000511,0.032468,0.081460,0.138125,0.086187,0.047430,0.028062,0.020393,0.200233,0.394519,0.592121,0.538526,0.318397,0.099789,0.069395,0.115519,0.145227,0.147879,0.073624,0.090998,0.076025,0.053786,0.056913,0.097524,0.149531,0.142300,0.153088,0.148194,0.201422,0.221915,0.173257,0.189056,0.248858,0.245870,0.213647,0.257400,0.216479,0.240665,0.202004,0.152747,0.111779,0.073036,0.017557,0.021421,0.050573,0.045008,0.021644,0.077376,0.142863,0.096090,0.068670,0.097931,0.085495,0.126628,0.173879,0.193607,0.202733,0.208490,0.234453,0.257706,0.260216,0.277523,0.236048,0.224063,0.163941,0.117178,0.068971,0.050352,0.016268,0.076598,0.052604,0.056876,0.046264,0.029848,0.007310,0.044077,0.132473,0.037964,0.063593,0.014482,0.039582,0.092637,0.095390,0.066099,0.096797,0.202709,0.151499,0.161250,0.178106,0.207399,0.174529,0.140590,0.120144,0.032940,0.013778,0.052661,0.060347
A102V,0.215796,0.166907,0.137180,0.071607,0.079003,0.027235,0.039471,0.036378,0.298928,0.135128,0.143969,0.071925,0.057978,0.015477,0.068969,0.134817,0.128826,0.179907,0.076957,0.053798,0.054701,0.076518,0.073621,0.058274,0.064692,0.120752,0.056803,0.047026,0.078400,0.079572,0.138217,0.059241,0.114962,0.061120,0.041130,0.060302,0.059257,0.019000,0.037516,0.140518,0.100667,0.170910,0.140292,0.067760,0.299997,0.171447,0.139910,0.200546,0.141770,0.130623,0.236639,0.467921,0.645672,0.532613,0.660951,0.577972,0.565240,0.199702,0.457337,1.231547,0.934254,0.181019,0.608066,1.177684,1.996465,1.532101,0.751025,0.363814,0.235723,0.151444,0.040318,0.121956,0.074849,0.080241,0.055539,0.455556,0.089231,0.061217,0.051487,0.096482,0.029486,0.034311,0.019452,0.069254,0.046181,0.066034,0.021299,0.039399,0.022174,0.049340,0.111343,0.099564,0.055975,0.049134,0.032343,0.007291,0.194743,0.386100,0.571980,0.528019,0.310569,0.105474,0.070393,0.131042,0.075531,0.179596,0.083983,0.066550,0.063309,0.059517,0.041106,0.083792,0.128675,0.143253,0.160968,0.134608,0.198630,0.211833,0.166941,0.177290,0.242585,0.239778,0.212135,0.259224,0.216119,0.243873,0.203140,0.151067,0.101394,0.080838,0.020620,0.006309,0.018086,0.039160,0.017312,0.071444,0.135406,0.094850,0.069837,0.104723,0.106179,0.133419,0.214170,0.197133,0.197078,0.201724,0.229795,0.254765,0.259734,0.279947,0.238110,0.228580,0.163508,0.126496,0.077448,0.027971,0.033189,0.145823,0.046832,0.054889,0.044486,0.022846,0.037686,0.060678,0.146656,0.059010,0.061608,0.010124,0.021555,0.088929,0.100503,0.063952,0.092191,0.160662,0.143977,0.150228,0.191812,0.224021,0.180935,0.144164,0.124444,0.034544,0.013531,0.054270,0.059970
A171T,0.215406,0.163933,0.134328,0.072598,0.081030,0.031996,0.044740,0.035671,0.297318,0.131906,0.141355,0.079370,0.056316,0.031289,0.058182,0.153213,0.143906,0.191484,0.077203,0.066087,0.051020,0.063008,0.060743,0.047963,0.049930,0.110614,0.047029,0.037043,0.068109,0.076112,0.134299,0.054345,0.119375,0.066994,0.047185,0.065877,0.069883,0.030637,0.035095,0.139130,0.094803,0.164140,0.132431,0.073734,0.301336,0.155497,0.136888,0.192705,0.134627,0.130114,0.252488,0.499166,0.685845,0.561258,0.701409,0.615596,0.586305,0.211845,0.413712,1.181916,0.890234,0.154984,0.613954,1.164856,1.969714,1.523968,0.763972,0.373786,0.217972,0.134239,0.041687,0.113349,0.075269,0.091977,0.049378,0.450762,0.094053,0.068743,0.054484,0.102889,0.029933,0.031257,0.024754,0.055328,0.037090,0.069120,0.025565,0.033606,0.020433,0.054788,0.111514,0.092221,0.054532,0.050936,0.025275,0.016862,0.204037,0.401055,0.600686,0.544760,0.324492,0.108812,0.076314,0.138117,0.084556,0.183022,0.087789,0.070476,0.067989,0.062550,0.046178,0.089578,0.134864,0.149537,0.169683,0.139157,0.203569,0.216525,0.170989,0.179483,0.245710,0.243419,0.213332,0.261675,0.217791,0.245315,0.202534,0.149664,0.099523,0.076587,0.018124,0.014131,0.021541,0.048756,0.025879,0.088867,0.123935,0.102109,0.080550,0.129798,0.111389,0.146124,0.218323,0.211508,0.205806,0.212955,0.236891,0.264395,0.268817,0.287233,0.240434,0.227742,0.161833,0.121235,0.070245,0.023058,0.030958,0.163254,0.053675,0.043440,0.036364,0.018222,0.043141,0.057948,0.180089,0.070387,0.077506,0.016934,0.045455,0.098643,0.114333,0.052874,0.082116,0.171909,0.149110,0.152806,0.187439,0.227361,0.174863,0.137433,0.112839,0.012139,0.009584,0.073737,0.077579
A46V,0.215191,0.167204,0.137256,0.071867,0.079387,0.027249,0.039790,0.040960,0.307861,0.136263,0.145367,0.071768,0.059259,0.014639,0.065613,0.133557,0.127679,0.179590,0.074729,0.053910,0.054046,0.075080,0.072830,0.057695,0.063839,0.124584,0.056355,0.047513,0.078582,0.080817,0.146607,0.059220,0.121604,0.062313,0.042096,0.061539,0.061704,0.021071,0.034724,0.139044,0.101646,0.171449,0.142172,0.064960,0.294543,0.173128,0.139915,0.197908,0.138959,0.125853,0.236182,0.472122,0.648011,0.534368,0.663146,0.578880,0.564273,0.199352,0.461000,1.232666,0.934438,0.183157,0.608052,1.178721,1.995371,1.530595,0.748782,0.363281,0.236462,0.151738,0.039817,0.122058,0.075171,0.081978,0.057065,0.488462,0.090343,0.062214,0.054595,0.094684,0.030167,0.029305,0.019946,0.068690,0.045461,0.064347,0.022060,0.034319,0.021648,0.050379,0.112692,0.105704,0.063686,0.049364,0.031094,0.005623,0.197721,0.382276,0.573758,0.525375,0.313421,0.108546,0.074866,0.120264,0.076359,0.171433,0.075276,0.063164,0.062782,0.058298,0.043410,0.082047,0.126644,0.140842,0.158590,0.133418,0.196697,0.211043,0.166037,0.176065,0.241935,0.239434,0.211440,0.258635,0.215668,0.244083,0.203291,0.150346,0.101306,0.080278,0.020245,0.006985,0.020825,0.039240,0.017387,0.072245,0.135365,0.094249,0.069812,0.104709,0.103634,0.133883,0.213169,0.197051,0.196898,0.201917,0.230095,0.254293,0.259561,0.280344,0.238391,0.228788,0.163887,0.125940,0.076169,0.028292,0.030731,0.143040,0.048082,0.050833,0.043531,0.023529,0.034763,0.058253,0.145265,0.058439,0.062355,0.010265,0.021374,0.089081,0.100534,0.063797,0.092223,0.162297,0.144307,0.150920,0.190987,0.223260,0.181138,0.144404,0.124718,0.035241,0.013941,0.055937,0.060705
C14G,0.216520,0.166106,0.148035,0.084343,0.100387,0.061726,0.069768,0.029797,0.216539,0.126890,0.146116,0.098454,0.088490,0.028266,0.088896,0.163296,0.147264,0.194667,0.130786,0.074429,0.076560,0.093735,0.084065,0.065961,0.079038,0.103301,0.064235,0.051372,0.079446,0.078439,0.076962,0.062472,0.082907,0.054881,0.027495,0.062111,0.062514,0.023442,0.029263,0.131305,0.095737,0.177412,0.140431,0.071598,0.295418,0.148449,0.128399,0.204656,0.142153,0.126512,0.237575,0.471436,0.652573,0.536050,0.662960,0.577621,0.565958,0.222423,0.447934,1.227851,0.929493,0.168726,0.603180,1.172854,1.990887,1.530796,0.758967,0.359045,0.236838,0.157329,0.046949,0.133755,0.071028,0.084488,0.046543,0.082738,0.105329,0.084392,0.069213,0.129647,0.035695,0.071271,0.021494,0.074003,0.049623,0.048071,0.028562,0.119584,0.032909,0.039802,0.100602,0.069482,0.032231,0.038595,0.025912,0.028169,0.203407,0.386977,0.578484,0.534457,0.322521,0.149330,0.118724,0.242337,0.105554,0.253867,0.135940,0.104022,0.060870,0.057193,0.008930,0.085629,0.144240,0.146924,0.157631,0.143317,0.203701,0.219533,0.173642,0.181722,0.250752,0.242297,0.217261,0.258448,0.216661,0.245243,0.206089,0.154927,0.118789,0.103728,0.048701,0.011130,0.018454,0.048694,0.034435,0.072027,0.134705,0.093793,0.069837,0.109368,0.114370,0.138385,0.215630,0.200643,0.191487,0.209926,0.234450,0.265361,0.258705,0.279608,0.243949,0.229782,0.160575,0.131397,0.084159,0.047149,0.041851,0.116072,0.041038,0.088422,0.060221,0.041958,0.023448,0.065474,0.138894,0.036738,0.063926,0.010027,0.057449,0.104755,0.104925,0.089318,0.104738,0.160090,0.142908,0.133371,0.204002,0.224284,0.181332,0.145676,0.125644,0.034103,0.013670,0.059560,0.066259
D12A,0.218506,0.169970,0.138987,0.073027,0.074671,0.024877,0.036199,0.028893,0.279620,0.111579,0.112385,0.050051,0.052822,0.007045,0.076091,0.122683,0.114741,0.164599,0.057518,0.050563,0.057461,0.079686,0.079243,0.067539,0.072688,0.131249,0.059585,0.058069,0.081382,0.086921,0.158213,0.064331,0.151452,0.069875,0.048077,0.063149,0.062245,0.017145,0.051359,0.151696,0.112376,0.173995,0.144531,0.053767,0.256292,0.196004,0.129294,0.180727,0.127519,0.126076,0.229592,0.457105,0.623524,0.516474,0.645964,0.559098,0.553548,0.183248,0.483402,1.270444,0.965069,0.195934,0.603290,1.179122,2.004690,1.534940,0.737755,0.354453,0.253610,0.172981,0.045755,0.183469,0.087066,0.074431,0.078186,0.530916,0.085910,0.063394,0.071595,0.103109,0.031115,0.029424,0.025023,0.076514,0.051883,0.094161,0.041348,0.028537,0.013360,0.026153,0.096738,0.111514,0.056232,0.035975,0.026357,0.037457,0.198757,0.379103,0.568514,0.523197,0.312397,0.110425,0.076319,0.125236,0.085466,0.168436,0.077508,0.059266,0.058061,0.051558,0.045846,0.074040,0.118251,0.142119,0.164466,0.131400,0.198590,0.208799,0.164763,0.175070,0.240861,0.239914,0.210748,0.258927,0.216740,0.245607,0.205187,0.151240,0.102705,0.076622,0.013547,0.007094,0.022336,0.033608,0.015552,0.065423,0.129559,0.087520,0.062964,0.097990,0.093965,0.128889,0.200617,0.195570,0.193639,0.201345,0.231494,0.254723,0.261244,0.283460,0.238785,0.231688,0.164249,0.128668,0.077146,0.032102,0.031630,0.175225,0.064097,0.046478,0.045627,0.045640,0.019391,0.057734,0.139434,0.061478,0.057382,0.017332,0.029286,0.083343,0.096341,0.062583,0.095911,0.166079,0.156892,0.169310,0.189146,0.220883,0.185133,0.149336,0.133663,0.047240,0.020954,0.043511,0.054875
D12G,0.218560,0.169289,0.138896,0.071787,0.073247,0.030871,0.035095,0.006963,0.189038,0.084172,0.075147,0.037917,0.047491,0.007886,0.093453,0.128649,0.116876,0.154332,0.073536,0.050793,0.067924,0.092865,0.087656,0.079520,0.083929,0.114132,0.062527,0.063893,0.084254,0.084311,0.139540,0.070234,0.124483,0.058492,0.030424,0.052706,0.047269,0.008771,0.049625,0.149389,0.105933,0.176414,0.138736,0.064093,0.284564,0.183352,0.133230,0.201393,0.139292,0.119995,0.223115,0.449308,0.615203,0.513179,0.635210,0.552115,0.546058,0.167488,0.490158,1.294907,0.984454,0.201633,0.599483,1.182096,2.008482,1.533444,0.739258,0.347162,0.253818,0.172854,0.059423,0.203361,0.090022,0.064854,0.075343,0.354412,0.082927,0.064335,0.072849,0.139454,0.034160,0.050597,0.038405,0.080875,0.054090,0.078999,0.022099,0.072189,0.024504,0.029074,0.100778,0.090725,0.043886,0.035500,0.028148,0.023263,0.197570,0.373525,0.564494,0.522084,0.312174,0.129704,0.089000,0.192995,0.063249,0.217043,0.116633,0.081455,0.053754,0.051942,0.010139,0.072382,0.121955,0.138049,0.154200,0.132619,0.199633,0.209209,0.166309,0.175051,0.241988,0.236754,0.211092,0.258141,0.216942,0.245479,0.205719,0.151721,0.103565,0.085907,0.027884,0.005640,0.005497,0.033662,0.025264,0.062516,0.126249,0.087073,0.062149,0.097917,0.110084,0.131626,0.228885,0.195076,0.188600,0.200210,0.229659,0.253086,0.256354,0.279040,0.239855,0.231629,0.168005,0.127924,0.074488,0.033335,0.006466,0.164449,0.060231,0.047269,0.048020,0.027426,0.020707,0.063044,0.138929,0.047266,0.053363,0.005640,0.027522,0.091739,0.097868,0.076935,0.100115,0.150161,0.136572,0.146491,0.194773,0.222220,0.187219,0.150957,0.136294,0.050194,0.024529,0.041376,0.052406
D136G,0.215771,0.165990,0.133956,0.072167,0.077309,0.027632,0.036636,0.020568,0.266091,0.121384,0.132469,0.070302,0.047959,0.019070,0.073271,0.137580,0.131336,0.181917,0.081573,0.052623,0.054428,0.076601,0.071346,0.055325,0.062566,0.111525,0.056593,0.044717,0.075458,0.080424,0.118833,0.055627,0.110952,0.055619,0.033109,0.056259,0.056435,0.016912,0.034917,0.137978,0.096267,0.167110,0.135075,0.079262,0.313422,0.150812,0.140599,0.206958,0.146046,0.125749,0.236816,0.471596,0.650585,0.535618,0.662045,0.581106,0.565036,0.185503,0.452343,1.230350,0.932641,0.174866,0.605581,1.176072,1.993630,1.531304,0.759297,0.363813,0.232159,0.154862,0.052488,0.116213,0.074113,0.076296,0.055507,0.397278,0.091189,0.064402,0.055846,0.108524,0.033601,0.036536,0.021054,0.066480,0.044018,0.057055,0.013775,0.050347,0.026215,0.057471,0.115632,0.085479,0.053281,0.050944,0.030163,0.015805,0.197715,0.382849,0.574209,0.526091,0.314063,0.114613,0.079981,0.142557,0.069794,0.183297,0.085662,0.067025,0.061930,0.062288,0.043552,0.083667,0.129176,0.145626,0.164652,0.136072,0.199247,0.212017,0.167138,0.176469,0.242365,0.238217,0.212038,0.259833,0.216150,0.244120,0.203285,0.151096,0.102165,0.081405,0.023836,0.005679,0.009736,0.038367,0.018840,0.065764,0.133430,0.093251,0.067104,0.102448,0.102547,0.133635,0.208189,0.198523,0.193691,0.202664,0.230559,0.254830,0.257846,0.278850,0.238256,0.228438,0.168284,0.124618,0.075072,0.029259,0.019681,0.154269,0.047369,0.058526,0.042869,0.022668,0.028149,0.058310,0.155263,0.063152,0.060545,0.014791,0.025849,0.086314,0.098316,0.063389,0.092490,0.155913,0.140356,0.143266,0.194946,0.225794,0.182427,0.143906,0.122675,0.035446,0.018003,0.055430,0.059996
D49N,0.215738,0.167200,0.136878,0.071539,0.078922,0.026532,0.038255,0.033427,0.293038,0.133219,0.141602,0.071056,0.056470,0.015730,0.071458,0.133502,0.128055,0.178280,0.078688,0.054035,0.055804,0.077665,0.073729,0.059208,0.065496,0.120201,0.057852,0.047553,0.078940,0.080224,0.134756,0.059457,0.114540,0.059553,0.038912,0.058679,0.058068,0.017241,0.037002,0.139311,0.100523,0.171467,0.142301,0.070840,0.308471,0.166133,0.142208,0.204357,0.143130,0.124268,0.234498,0.469491,0.644303,0.530620,0.657223,0.575165,0.561250,0.190968,0.461383,1.236159,0.937472,0.182911,0.606246,1.178023,1.997430,1.531078,0.750332,0.362467,0.236934,0.152195,0.043133,0.122495,0.075949,0.079947,0.053846,0.434969,0.088891,0.061371,0.052388,0.096616,0.028484,0.037113,0.018699,0.069155,0.046224,0.064929,0.020243,0.042524,0.022505,0.054275,0.115018,0.098163,0.060151,0.050402,0.031763,0.007711,0.196794,0.379026,0.568465,0.519580,0.311967,0.111305,0.078368,0.133285,0.072661,0.181062,0.081577,0.064586,0.062008,0.059174,0.043185,0.082351,0.126596,0.142654,0.161548,0.133183,0.197118,0.210652,0.165700,0.175869,0.241278,0.238207,0.210827,0.258455,0.215306,0.243792,0.203114,0.150385,0.101504,0.080752,0.021122,0.005796,0.017032,0.038581,0.017239,0.069791,0.133576,0.093537,0.068796,0.103203,0.102777,0.133102,0.208545,0.196436,0.194677,0.201677,0.229687,0.253327,0.257814,0.278814,0.237482,0.228544,0.163842,0.126882,0.078447,0.028653,0.035610,0.144651,0.046519,0.055623,0.044036,0.023715,0.026943,0.058706,0.141829,0.056250,0.060942,0.012485,0.020036,0.086624,0.099130,0.064215,0.092849,0.159344,0.143102,0.145953,0.193061,0.223972,0.181640,0.144846,0.124917,0.035763,0.015552,0.054497,0.059533
F58L,0.220769,0.173237,0.135003,0.079747,0.070350,0.033191,0.029454,0.064778,0.305793,0.110555,0.084976,0.057895,0.039028,0.008187,0.059125,0.099777,0.101682,0.156843,0.026343,0.039707,0.038255,0.072722,0.081190,0.061801,0.072477,0.130016,0.060924,0.054935,0.082716,0.087227,0.126385,0.059280,0.151271,0.072191,0.060430,0.065040,0.055502,0.011055,0.059482,0.156033,0.112631,0.167038,0.140149,0.059723,0.217996,0.134758,0.105062,0.134662,0.103412,0.152719,0.277934,0.476288,0.621789,0.500822,0.636512,0.544079,0.548302,0.099130,0.519439,1.367074,1.038736,0.215671,0.589244,1.180916,2.018668,1.538956,0.714946,0.336235,0.257594,0.184283,0.039420,0.093829,0.065808,0.086195,0.072891,0.672860,0.073761,0.054919,0.031620,0.059386,0.018519,0.028743,0.013999,0.077446,0.054227,0.101519,0.054600,0.025127,0.007878,0.039443,0.085327,0.090892,0.054180,0.038271,0.036554,0.041131,0.208737,0.380236,0.539960,0.504491,0.314065,0.106943,0.082410,0.084341,0.110298,0.128188,0.053943,0.051021,0.053527,0.047012,0.075311,0.064125,0.108350,0.139670,0.168775,0.125524,0.192734,0.203376,0.158724,0.174966,0.239096,0.238363,0.209901,0.258450,0.216201,0.246078,0.206233,0.151991,0.105355,0.072519,0.016077,0.012130,0.031584,0.032337,0.012754,0.061570,0.126639,0.081033,0.058472,0.091268,0.088879,0.128075,0.172028,0.188317,0.191662,0.198021,0.229986,0.254254,0.260097,0.284459,0.237142,0.232880,0.163025,0.131533,0.083908,0.033408,0.062863,0.167890,0.058279,0.051880,0.045926,0.075657,0.030137,0.057782,0.127705,0.063744,0.053298,0.021763,0.049930,0.080903,0.094556,0.064966,0.102135,0.184201,0.184628,0.209862,0.184889,0.216508,0.186165,0.148267,0.132365,0.045788,0.027100,0.048137,0.048813
F94L,0.214414,0.165523,0.130639,0.079264,0.074194,0.039124,0.037277,0.045601,0.310064,0.121040,0.121397,0.066032,0.040966,0.014899,0.052198,0.124032,0.120877,0.176404,0.051131,0.044857,0.039952,0.068364,0.072742,0.055203,0.063184,0.123840,0.055955,0.051721,0.078265,0.079432,0.153442,0.061202,0.128529,0.074354,0.053313,0.067236,0.062751,0.022754,0.036198,0.139945,0.096145,0.158514,0.129578,0.063899,0.252633,0.144806,0.122332,0.166906,0.120162,0.127326,0.238658,0.473037,0.649889,0.534698,0.666478,0.582660,0.567169,0.181831,0.454941,1.229836,0.931484,0.179119,0.610008,1.180525,1.994320,1.531736,0.747623,0.366990,0.232724,0.150013,0.036755,0.097887,0.066489,0.076413,0.070398,0.612915,0.085019,0.061018,0.048400,0.096497,0.033310,0.011989,0.030002,0.071340,0.047283,0.066511,0.032073,0.015396,0.024325,0.059080,0.105542,0.099733,0.065807,0.051776,0.035850,0.012461,0.199189,0.384776,0.575832,0.525698,0.314043,0.103207,0.072380,0.094132,0.098839,0.155772,0.063987,0.061554,0.068741,0.060893,0.049582,0.083920,0.127972,0.139418,0.156643,0.135822,0.198174,0.210011,0.167068,0.177268,0.240641,0.240222,0.210545,0.258293,0.217319,0.243216,0.202627,0.151194,0.104875,0.075684,0.015149,0.014554,0.029159,0.039972,0.016828,0.072719,0.136267,0.098277,0.071081,0.103114,0.114208,0.140270,0.206947,0.198266,0.200543,0.204892,0.232940,0.257423,0.265686,0.281425,0.237106,0.227311,0.172655,0.120163,0.068515,0.039991,0.010933,0.129857,0.060231,0.038163,0.043161,0.031177,0.022618,0.050707,0.147358,0.056076,0.062680,0.015459,0.026393,0.086878,0.096962,0.059804,0.093095,0.184790,0.149742,0.196555,0.184978,0.220472,0.181318,0.144043,0.123548,0.034202,0.011731,0.054420,0.060421
G24D,0.215376,0.165380,0.132828,0.078726,0.074794,0.036557,0.038051,0.058790,0.307115,0.122246,0.132029,0.069777,0.042314,0.014211,0.043771,0.130294,0.127983,0.184856,0.054790,0.047215,0.039067,0.064674,0.075933,0.054183,0.064436,0.143807,0.057544,0.050981,0.082838,0.082758,0.178728,0.059376,0.140205,0.072549,0.052423,0.067978,0.065130,0.022613,0.040620,0.143204,0.103803,0.167989,0.141858,0.055134,0.245485,0.163188,0.122633,0.163560,0.117661,0.126682,0.239948,0.474231,0.650183,0.533904,0.671849,0.582725,0.568479,0.195547,0.456934,1.219848,0.925111,0.181194,0.608811,1.177494,1.982335,1.519099,0.739226,0.363145,0.231973,0.150489,0.033443,0.108045,0.066050,0.080499,0.073379,0.650360,0.086943,0.061615,0.046720,0.082309,0.028359,0.015362,0.018068,0.069831,0.046314,0.077267,0.036905,0.015588,0.013787,0.044439,0.101071,0.112551,0.068360,0.046992,0.030280,0.009613,0.199853,0.388047,0.579908,0.530971,0.315941,0.102455,0.073482,0.095948,0.098705,0.155296,0.063015,0.062285,0.064764,0.053604,0.049019,0.082487,0.126526,0.136953,0.154617,0.132991,0.196166,0.211798,0.166205,0.177711,0.242716,0.241881,0.211094,0.259711,0.217553,0.244449,0.203715,0.150584,0.103519,0.075461,0.014565,0.012794,0.029518,0.041253,0.016121,0.073482,0.137035,0.095372,0.069838,0.103472,0.102074,0.134647,0.208788,0.197311,0.202054,0.204919,0.232762,0.257223,0.263871,0.282606,0.237784,0.228625,0.167168,0.121894,0.070121,0.036154,0.018014,0.142844,0.060847,0.038853,0.042436,0.035065,0.026993,0.052250,0.147221,0.060502,0.063578,0.016716,0.031246,0.087485,0.098326,0.058869,0.092268,0.182122,0.154489,0.176140,0.185737,0.220424,0.180469,0.143408,0.122466,0.032157,0.014534,0.058276,0.062304
G78C,0.218539,0.165653,0.141544,0.073420,0.088643,0.073914,0.035263,0.077348,0.051438,0.011016,0.039865,0.098923,0.032237,0.013822,0.124552,0.138887,0.139921,0.187200,0.107821,0.059612,0.080373,0.102450,0.091500,0.083111,0.089381,0.103942,0.059475,0.067830,0.080941,0.076629,0.131942,0.079621,0.099148,0.054087,0.025235,0.056025,0.054750,0.015120,0.035052,0.142094,0.097000,0.167432,0.117748,0.058460,0.199231,0.091793,0.084644,0.147747,0.110503,0.129146,0.233091,0.453139,0.628314,0.515290,0.648349,0.562390,0.557271,0.161884,0.454052,1.247090,0.947686,0.184087,0.598819,1.173799,1.982177,1.512036,0.732602,0.347324,0.236942,0.160080,0.063578,0.177933,0.075762,0.067597,0.064477,0.129244,0.096874,0.087208,0.092934,0.203478,0.056986,0.047235,0.042673,0.074380,0.050278,0.061844,0.019083,0.129026,0.031226,0.022788,0.071352,0.045315,0.010404,0.024810,0.023685,0.014792,0.205486,0.384835,0.576430,0.536722,0.325270,0.161594,0.123757,0.288299,0.098028,0.281934,0.171575,0.127326,0.055569,0.047123,0.041505,0.074055,0.135279,0.138844,0.148262,0.140979,0.206893,0.216115,0.174875,0.180953,0.249044,0.239217,0.215940,0.259114,0.218521,0.246048,0.204513,0.151415,0.104670,0.089977,0.039183,0.002812,0.019214,0.048759,0.041197,0.067388,0.130481,0.091293,0.067705,0.103033,0.130719,0.143585,0.239824,0.200013,0.189094,0.210299,0.233966,0.266808,0.256168,0.279221,0.241959,0.230251,0.174290,0.123330,0.069267,0.031264,0.039712,0.139315,0.057563,0.042548,0.045845,0.035867,0.005030,0.056966,0.139510,0.037779,0.058792,0.019214,0.076592,0.104723,0.099203,0.094172,0.111241,0.157964,0.155127,0.127810,0.196096,0.220977,0.187159,0.152704,0.133964,0.045873,0.015588,0.057113,0.061784
H51R,0.216834,0.169350,0.135633,0.075468,0.073298,0.027885,0.034120,0.053335,0.315699,0.127627,0.131869,0.062550,0.051161,0.005986,0.059444,0.115160,0.112696,0.169577,0.053516,0.042833,0.045381,0.073725,0.078144,0.060144,0.068129,0.142940,0.058564,0.053693,0.083328,0.083933,0.180586,0.059794,0.136867,0.065900,0.046952,0.060366,0.054406,0.015381,0.047032,0.148425,0.106901,0.166868,0.140965,0.059965,0.261286,0.165509,0.129465,0.174560,0.122359,0.119697,0.226761,0.452519,0.618933,0.515375,0.638382,0.553549,0.547865,0.181524,0.478046,1.253638,0.953456,0.194650,0.598942,1.175192,1.991758,1.517756,0.728173,0.351503,0.241214,0.159457,0.036320,0.110505,0.071136,0.076631,0.069620,0.629515,0.082583,0.055690,0.041595,0.076826,0.025392,0.022666,0.020341,0.073530,0.048019,0.074375,0.033726,0.018152,0.015386,0.053964,0.108145,0.106941,0.066231,0.048289,0.036399,0.014323,0.213062,0.370424,0.549030,0.502526,0.303821,0.106132,0.079416,0.091193,0.086212,0.151322,0.057892,0.052933,0.054575,0.047072,0.042905,0.069115,0.111399,0.127521,0.145059,0.124886,0.189584,0.203083,0.159452,0.173573,0.237793,0.236060,0.208560,0.256776,0.215091,0.243063,0.203828,0.150955,0.103630,0.075987,0.015714,0.009511,0.024662,0.034126,0.013581,0.065233,0.128518,0.087160,0.063292,0.095651,0.096356,0.127167,0.205230,0.191684,0.193209,0.198288,0.228757,0.250408,0.255874,0.277828,0.236167,0.228993,0.166051,0.125240,0.072758,0.037179,0.014526,0.141554,0.058172,0.040603,0.044664,0.031446,0.024809,0.055999,0.141286,0.059548,0.056784,0.014624,0.024829,0.084482,0.094641,0.062432,0.095152,0.170128,0.149030,0.162224,0.188232,0.218241,0.182952,0.145440,0.128067,0.040349,0.021838,0.049733,0.053714
H57R,0.218579,0.169915,0.137260,0.073179,0.076050,0.027196,0.038226,0.049505,0.344336,0.141455,0.146691,0.065910,0.059296,0.008920,0.063106,0.123989,0.120399,0.174486,0.064787,0.048701,0.050654,0.074900,0.076087,0.059959,0.067358,0.131100,0.057398,0.051062,0.080770,0.083681,0.158110,0.059513,0.128827,0.065548,0.046043,0.062368,0.059961,0.018472,0.039300,0.144224,0.105815,0.169489,0.139766,0.062955,0.282718,0.180282,0.138938,0.190867,0.137599,0.126568,0.232837,0.460605,0.627913,0.521038,0.646605,0.563387,0.557055,0.187113,0.472126,1.258511,0.954891,0.188936,0.603497,1.172224,1.997807,1.537825,0.744628,0.351674,0.241852,0.157162,0.040109,0.115444,0.074665,0.078266,0.063110,0.540277,0.086055,0.058879,0.051707,0.088161,0.034303,0.020143,0.022708,0.072463,0.048242,0.070353,0.031679,0.019649,0.018226,0.052879,0.115194,0.114758,0.074295,0.053450,0.034718,0.027923,0.200082,0.380441,0.568255,0.522328,0.316235,0.109654,0.078255,0.093713,0.085416,0.149113,0.057302,0.056542,0.059555,0.054803,0.054590,0.075698,0.118269,0.136763,0.156116,0.130084,0.194475,0.208474,0.163453,0.175293,0.240828,0.239346,0.210863,0.259903,0.217174,0.246098,0.205269,0.151477,0.103323,0.077638,0.014834,0.008112,0.021877,0.036338,0.015825,0.068799,0.132400,0.090535,0.065658,0.099206,0.097935,0.131713,0.198101,0.195801,0.194926,0.202316,0.231336,0.254816,0.260579,0.282182,0.238865,0.231484,0.166460,0.127005,0.075574,0.033628,0.027992,0.156782,0.058034,0.044515,0.043982,0.035559,0.031881,0.058279,0.144782,0.064117,0.060237,0.016553,0.028372,0.086281,0.096966,0.062113,0.095577,0.170024,0.153622,0.169588,0.189488,0.222291,0.183782,0.146244,0.127559,0.038415,0.019178,0.052232,0.057171
H71Y,0.213460,0.165616,0.132607,0.074224,0.074822,0.029965,0.036376,0.022343,0.253980,0.109210,0.088297,0.061620,0.038210,0.015139,0.071144,0.114264,0.113834,0.164448,0.060289,0.043190,0.046736,0.076567,0.078209,0.063365,0.069418,0.100945,0.056137,0.048866,0.078087,0.080814,0.096964,0.057769,0.098196,0.057702,0.044339,0.054067,0.042799,0.001381,0.046610,0.140111,0.094257,0.158107,0.133554,0.084832,0.285167,0.125958,0.130784,0.194904,0.138665,0.112914,0.222428,0.447758,0.621049,0.511222,0.636157,0.558992,0.558608,0.165976,0.461011,1.252484,0.944785,0.168095,0.617389,1.199514,2.030425,1.576793,0.785513,0.380168,0.228865,0.171053,0.057181,0.108600,0.076225,0.074913,0.040888,0.359371,0.067953,0.052884,0.039289,0.098251,0.011547,0.051874,0.015694,0.069491,0.045783,0.065075,0.023266,0.049147,0.024843,0.056749,0.112950,0.080514,0.056927,0.050582,0.018306,0.042647,0.186241,0.368030,0.558980,0.509440,0.303496,0.112419,0.077897,0.151513,0.078316,0.213705,0.082502,0.063612,0.067754,0.069542,0.051607,0.087657,0.127277,0.144603,0.166605,0.132262,0.193310,0.206222,0.163200,0.173237,0.237655,0.234471,0.208253,0.255011,0.213037,0.240297,0.201997,0.150134,0.102402,0.076015,0.016792,0.010895,0.014850,0.039197,0.015563,0.067401,0.133909,0.096212,0.068147,0.097127,0.110394,0.136206,0.186286,0.193162,0.190847,0.198480,0.226645,0.249103,0.254006,0.273677,0.233020,0.225199,0.167879,0.124999,0.076639,0.030312,0.032390,0.124835,0.042952,0.049804,0.042379,0.026210,0.035229,0.057397,0.134358,0.045158,0.057609,0.006421,0.015477,0.087994,0.097848,0.067694,0.095610,0.162637,0.140448,0.169819,0.187982,0.220640,0.180242,0.144184,0.126174,0.040429,0.019640,0.044880,0.049466
K48T,0.216975,0.161954,0.141118,0.104605,0.113369,0.073122,0.059969,0.051061,0.092179,0.070308,0.140918,0.079382,0.074269,0.016521,0.045389,0.125792,0.114652,0.176524,0.092815,0.048827,0.011959,0.064066,0.090523,0.063049,0.087494,0.185412,0.107570,0.103215,0.122527,0.074732,0.140344,0.071710,0.084161,0.088985,0.069386,0.076751,0.061979,0.020082,0.052243,0.146814,0.090910,0.142362,0.113569,0.067047,0.088155,0.028337,0.021104,0.024085,0.043665,0.124991,0.236059,0.453278,0.631596,0.511142,0.646651,0.567677,0.562985,0.355625,0.444376,1.231168,0.933423,0.158575,0.603325,1.177662,1.996648,1.532757,0.747274,0.366500,0.231026,0.199152,0.038621,0.094517,0.067505,0.091051,0.036653,0.087061,0.086514,0.067800,0.061341,0.189262,0.048829,0.038221,0.027506,0.073684,0.048755,0.116177,0.076289,0.045150,0.004720,0.027492,0.045130,0.048003,0.013538,0.025773,0.020763,0.182325,0.210486,0.392404,0.572606,0.524289,0.314944,0.102670,0.095615,0.090756,0.129909,0.127953,0.056773,0.061517,0.080731,0.060602,0.062648,0.089890,0.127565,0.151232,0.179058,0.138875,0.202515,0.211236,0.165795,0.176087,0.242462,0.244982,0.211015,0.262798,0.226293,0.245423,0.210644,0.162526,0.142036,0.098295,0.056237,0.032512,0.032738,0.062510,0.025698,0.070527,0.132677,0.098628,0.064972,0.096377,0.097918,0.137282,0.142575,0.196033,0.189933,0.206453,0.235787,0.262102,0.292552,0.286987,0.247874,0.228901,0.198184,0.124368,0.071166,0.076691,0.011067,0.138587,0.104088,0.080307,0.079841,0.145504,0.008503,0.051993,0.137322,0.035377,0.063606,0.023039,0.043712,0.088486,0.093732,0.064306,0.099196,0.210354,0.178147,0.459220,0.205807,0.207638,0.181995,0.143279,0.121589,0.034924,0.016725,0.044791,0.054380
L116P,0.213322,0.165474,0.129508,0.080553,0.072483,0.041874,0.035873,0.065041,0.342299,0.129504,0.122214,0.063488,0.044361,0.010848,0.047403,0.112089,0.111455,0.170298,0.040613,0.039773,0.036317,0.068545,0.074650,0.057500,0.065586,0.118721,0.058597,0.060700,0.078959,0.077750,0.155477,0.063392,0.120572,0.074427,0.055079,0.070610,0.068993,0.032209,0.032255,0.130191,0.094892,0.155838,0.134416,0.055576,0.222032,0.147851,0.114181,0.149871,0.108908,0.124811,0.231740,0.465045,0.638001,0.520543,0.654818,0.568172,0.556201,0.174795,0.471853,1.235161,0.938702,0.189971,0.607572,1.185542,1.998906,1.524858,0.735459,0.364002,0.240933,0.154595,0.033263,0.093551,0.063549,0.070935,0.072777,0.663352,0.081576,0.059759,0.053788,0.114581,0.043751,0.010584,0.043673,0.075488,0.047273,0.060238,0.034831,0.018344,0.021511,0.054744,0.099971,0.111140,0.071871,0.051481,0.036464,0.005846,0.189282,0.371944,0.559811,0.509610,0.301057,0.090040,0.069760,0.085203,0.102214,0.127216,0.073070,0.064045,0.081656,0.062119,0.038052,0.093498,0.133964,0.136650,0.150028,0.112742,0.185962,0.206293,0.152122,0.165175,0.232465,0.232427,0.202869,0.252600,0.214370,0.240244,0.201738,0.150892,0.110145,0.073626,0.015223,0.014918,0.032832,0.037632,0.014698,0.067957,0.132294,0.095359,0.066652,0.096155,0.121616,0.143412,0.200968,0.189459,0.190814,0.196891,0.226308,0.246099,0.256858,0.273230,0.232763,0.225816,0.176836,0.120577,0.068650,0.052316,0.020126,0.113376,0.065636,0.050636,0.047641,0.027220,0.013219,0.048997,0.144010,0.055060,0.059894,0.018764,0.024317,0.084396,0.092305,0.059936,0.092572,0.187857,0.145997,0.218131,0.178496,0.212351,0.178008,0.143380,0.132681,0.046698,0.027641,0.040440,0.048949
L172P,0.215868,0.167868,0.135466,0.076216,0.076598,0.031247,0.039118,0.049660,0.321185,0.131487,0.141582,0.069160,0.053398,0.016328,0.053221,0.129779,0.124524,0.179934,0.065128,0.050133,0.046457,0.069695,0.069964,0.053475,0.060211,0.134812,0.052681,0.048183,0.076831,0.079506,0.181912,0.055316,0.134548,0.065509,0.042964,0.059604,0.057606,0.017201,0.043291,0.145338,0.105165,0.166395,0.136705,0.062706,0.272697,0.167300,0.131071,0.177188,0.125968,0.127284,0.240454,0.476852,0.653217,0.538079,0.672587,0.584819,0.569314,0.202448,0.455431,1.220833,0.924644,0.177436,0.611184,1.179519,1.986930,1.523128,0.744794,0.365816,0.230624,0.147348,0.034588,0.111887,0.071972,0.084524,0.067771,0.622822,0.090147,0.061500,0.049595,0.096458,0.030802,0.019410,0.022941,0.065671,0.042658,0.070162,0.031023,0.016538,0.016040,0.050920,0.107948,0.108336,0.066890,0.050323,0.031295,0.004329,0.200108,0.388230,0.580463,0.530818,0.316519,0.104273,0.073401,0.100241,0.090791,0.163459,0.065752,0.062246,0.063865,0.055236,0.045412,0.082240,0.126104,0.137634,0.154648,0.133493,0.197421,0.211236,0.167031,0.177554,0.242429,0.241048,0.211741,0.259304,0.217638,0.245140,0.203587,0.151404,0.103214,0.077548,0.017743,0.011613,0.025478,0.040744,0.016614,0.074979,0.136631,0.095683,0.069417,0.103071,0.106088,0.136304,0.207190,0.201828,0.200885,0.206555,0.233334,0.258941,0.263504,0.281125,0.238462,0.228461,0.166394,0.120492,0.066314,0.035008,0.008638,0.107445,0.049043,0.037714,0.042639,0.057502,0.015085,0.051922,0.156935,0.057282,0.067496,0.024767,0.047200,0.076850,0.087646,0.044776,0.081609,0.178382,0.144273,0.153779,0.184099,0.218604,0.177811,0.140208,0.116867,0.022366,0.015947,0.053771,0.057044
L4S,0.217192,0.165595,0.131363,0.080962,0.075989,0.033557,0.035637,0.032770,0.264518,0.112499,0.114012,0.067499,0.037824,0.023312,0.060916,0.129663,0.126825,0.178945,0.061249,0.047576,0.039150,0.068237,0.072724,0.051365,0.061498,0.115379,0.060282,0.055026,0.078521,0.082313,0.082337,0.057469,0.105023,0.073075,0.067593,0.072127,0.060525,0.024902,0.029589,0.143986,0.094740,0.162822,0.128670,0.076875,0.274193,0.119318,0.121289,0.178878,0.129077,0.125742,0.236814,0.467556,0.647200,0.530016,0.659696,0.578627,0.565020,0.174397,0.446650,1.229192,0.931488,0.170795,0.605253,1.175894,1.993899,1.531313,0.757937,0.365282,0.231194,0.160407,0.052329,0.100758,0.069854,0.074962,0.057802,0.424422,0.083720,0.060636,0.040701,0.078357,0.023457,0.029974,0.019359,0.068660,0.045423,0.072556,0.026365,0.039537,0.025975,0.054920,0.102716,0.072232,0.043761,0.046574,0.027422,0.033478,0.197935,0.383245,0.576440,0.525867,0.314124,0.111918,0.075963,0.147124,0.081046,0.179984,0.092392,0.067165,0.066509,0.070503,0.054815,0.087279,0.130734,0.153376,0.180888,0.137456,0.204096,0.212321,0.168557,0.176739,0.242983,0.241561,0.212596,0.260556,0.216705,0.245298,0.204778,0.152819,0.105297,0.079371,0.017972,0.002333,0.010405,0.039204,0.018391,0.071808,0.136978,0.100739,0.073760,0.110867,0.112087,0.137775,0.221390,0.201020,0.200002,0.204065,0.232607,0.257199,0.262571,0.283403,0.238913,0.230634,0.163427,0.131188,0.085278,0.026139,0.059371,0.173104,0.050189,0.073436,0.046117,0.042920,0.034078,0.065402,0.144248,0.053953,0.061635,0.011845,0.023819,0.090147,0.105714,0.064648,0.091520,0.172978,0.155333,0.167463,0.193817,0.228142,0.182420,0.145207,0.125290,0.041020,0.011267,0.057983,0.063835
M175V,0.215159,0.166701,0.136953,0.070901,0.078318,0.026533,0.038206,0.034507,0.299691,0.135980,0.146250,0.073236,0.057359,0.017180,0.070101,0.137844,0.131413,0.182067,0.080975,0.056515,0.056302,0.076230,0.072935,0.057867,0.063311,0.122310,0.058161,0.046871,0.079529,0.080894,0.140091,0.059490,0.117200,0.061660,0.040453,0.061020,0.061655,0.021343,0.035994,0.138916,0.099544,0.170897,0.140834,0.068336,0.300463,0.167078,0.140418,0.200862,0.141428,0.125753,0.236024,0.471162,0.647557,0.533692,0.661983,0.579069,0.564063,0.195594,0.458369,1.231932,0.934439,0.181269,0.606611,1.176600,1.994349,1.529817,0.750857,0.362908,0.236810,0.151653,0.043437,0.122737,0.076108,0.081111,0.055375,0.443649,0.091981,0.063277,0.053243,0.097268,0.028860,0.036590,0.017910,0.068480,0.046312,0.066840,0.021305,0.041445,0.022279,0.050732,0.112699,0.099477,0.059846,0.048770,0.030543,0.007201,0.197599,0.382725,0.574307,0.526015,0.313518,0.111225,0.077508,0.134463,0.073707,0.181286,0.083940,0.065338,0.061847,0.058561,0.041148,0.082549,0.127020,0.142934,0.161709,0.133675,0.197821,0.211332,0.166393,0.175952,0.242030,0.239074,0.211580,0.258544,0.215433,0.243932,0.203206,0.150400,0.100775,0.079952,0.020810,0.006689,0.017687,0.039332,0.017327,0.071120,0.133648,0.093989,0.066045,0.104035,0.102808,0.132874,0.212879,0.197888,0.196253,0.202491,0.230542,0.254854,0.258600,0.280411,0.238306,0.228677,0.163795,0.126951,0.075760,0.027231,0.032221,0.149440,0.049060,0.054534,0.043562,0.023591,0.025936,0.058765,0.141241,0.056407,0.062338,0.012595,0.016907,0.089844,0.100888,0.067845,0.095666,0.163031,0.143291,0.144686,0.193756,0.225065,0.183342,0.145273,0.122421,0.033841,0.014474,0.056855,0.061443
P54L,0.176256,0.128475,0.118920,0.065593,0.092511,0.052577,0.073820,0.065716,0.051060,0.063854,0.097894,0.115419,0.053643,0.078183,0.074076,0.202155,0.183575,0.214430,0.087975,0.101045,0.058215,0.047690,0.034948,0.019701,0.018434,0.072551,0.060989,0.055198,0.060278,0.064855,0.040135,0.045571,0.087199,0.076344,0.038122,0.086796,0.122135,0.089847,0.046701,0.086449,0.060373,0.145906,0.142500,0.060677,0.278768,0.190626,0.151482,0.203233,0.118782,0.151876,0.327048,0.693913,0.919402,0.698807,0.880513,0.783173,0.728311,0.307940,0.302398,1.033587,0.752212,0.098676,0.708658,1.253804,2.024781,1.601651,0.849214,0.467159,0.165632,0.093548,0.009883,0.102128,0.073647,0.141100,0.037676,0.118085,0.090830,0.070376,0.033860,0.057274,0.053228,0.108320,0.049083,0.044923,0.029704,0.051254,0.017986,0.109681,0.028882,0.077144,0.129438,0.140301,0.098496,0.115419,0.076391,0.125031,0.058024,0.327698,0.530608,0.288554,0.629469,0.103536,0.085065,0.286827,0.143353,0.272268,0.205306,0.170980,0.151910,0.124721,0.106304,0.196819,0.255852,0.226886,0.234078,0.193021,0.240032,0.262156,0.208014,0.198436,0.259602,0.262066,0.217430,0.242248,0.204021,0.220483,0.176584,0.146818,0.117560,0.090881,0.048480,0.029034,0.045409,0.083552,0.043107,0.114757,0.182622,0.141654,0.106004,0.148848,0.142254,0.167578,0.246484,0.214225,0.229032,0.219518,0.231924,0.276859,0.279014,0.273977,0.226285,0.195993,0.140560,0.116900,0.092332,0.061983,0.080017,0.169374,0.043024,0.130888,0.065541,0.018459,0.071693,0.067133,0.147417,0.029083,0.098775,0.022118,0.061813,0.123598,0.134608,0.086790,0.084013,0.157284,0.125219,0.110515,0.191050,0.219180,0.157482,0.130207,0.094929,0.068735,0.060273,0.099587,0.104232
P62L,0.221749,0.172780,0.133061,0.076278,0.068006,0.036390,0.025790,0.052574,0.366119,0.140051,0.136028,0.052827,0.045457,0.005728,0.066510,0.103910,0.104281,0.165353,0.051651,0.030354,0.045885,0.080968,0.085242,0.068548,0.077277,0.133663,0.064673,0.064146,0.086593,0.082133,0.177868,0.064172,0.114667,0.065171,0.044919,0.059212,0.046756,0.020708,0.049294,0.150903,0.102030,0.159277,0.120113,0.073897,0.261047,0.107158,0.106989,0.164091,0.125481,0.128356,0.214112,0.420901,0.578480,0.479382,0.586894,0.509977,0.541784,0.117896,0.545314,1.323611,1.001589,0.208147,0.585283,1.117845,1.916106,1.527665,0.738918,0.411910,0.222724,0.167100,0.044485,0.095539,0.076483,0.060136,0.074857,0.526406,0.074554,0.052277,0.041129,0.087847,0.039799,0.024107,0.032600,0.083063,0.054207,0.070137,0.035047,0.021801,0.021540,0.045913,0.089177,0.050312,0.035246,0.037269,0.039069,0.068514,0.207904,0.367548,0.546653,0.518156,0.315774,0.128346,0.085956,0.077141,0.076711,0.142552,0.048188,0.040651,0.046457,0.043436,0.038413,0.052762,0.092017,0.113464,0.130485,0.115809,0.183120,0.195562,0.154316,0.168979,0.235462,0.232764,0.207748,0.260010,0.219336,0.246379,0.209394,0.154740,0.111613,0.073581,0.011924,0.012617,0.015174,0.026554,0.014761,0.057936,0.119805,0.080556,0.056203,0.086167,0.107794,0.129495,0.192485,0.187655,0.183815,0.197062,0.228828,0.246292,0.253094,0.276976,0.237700,0.234058,0.181121,0.128922,0.074181,0.056525,0.018700,0.137954,0.073556,0.048713,0.052478,0.035187,0.020919,0.058523,0.134698,0.057252,0.052092,0.020532,0.018274,0.083955,0.089382,0.067171,0.101367,0.176801,0.146537,0.192247,0.189666,0.217554,0.191377,0.151608,0.136498,0.052954,0.038377,0.049508,0.048392
P62R,0.207278,0.159869,0.134516,0.071328,0.083769,0.032541,0.047002,0.040567,0.315890,0.147111,0.168323,0.079920,0.065328,0.028014,0.060225,0.151538,0.141165,0.187892,0.090493,0.064925,0.056228,0.066041,0.059264,0.047163,0.049307,0.112852,0.048289,0.035798,0.068183,0.072280,0.148069,0.053006,0.104229,0.057329,0.034959,0.058293,0.064809,0.027978,0.025973,0.130520,0.094416,0.167423,0.140310,0.074431,0.318790,0.167674,0.143824,0.211090,0.145839,0.121907,0.241041,0.488890,0.673766,0.550812,0.683062,0.595793,0.569216,0.215701,0.433062,1.001541,0.753196,0.130234,0.641515,1.191199,1.945336,1.479767,0.746597,0.390059,0.197021,0.167525,0.041497,0.127584,0.077213,0.078467,0.054217,0.404558,0.100968,0.073917,0.061310,0.102822,0.036274,0.029288,0.029348,0.054653,0.034808,0.046253,0.009541,0.042058,0.024961,0.055746,0.115985,0.093784,0.056422,0.053587,0.023974,0.006414,0.192440,0.385525,0.581760,0.527666,0.311703,0.102829,0.073556,0.130756,0.078308,0.185282,0.085835,0.073207,0.070731,0.064365,0.038266,0.094388,0.139680,0.145218,0.159042,0.137085,0.197072,0.212169,0.167760,0.175134,0.237996,0.236206,0.207133,0.251437,0.210285,0.236186,0.195903,0.146181,0.098452,0.084315,0.027448,0.009266,0.022574,0.050130,0.024538,0.080067,0.145027,0.104266,0.075673,0.108901,0.114851,0.141295,0.212991,0.197361,0.195904,0.200726,0.224977,0.251531,0.254909,0.271524,0.232892,0.220247,0.159087,0.119850,0.071883,0.026793,0.020097,0.129277,0.042260,0.043502,0.035909,0.015222,0.034893,0.049205,0.146358,0.052903,0.070696,0.007288,0.024440,0.091360,0.101510,0.061830,0.087574,0.155659,0.134439,0.128835,0.185595,0.217763,0.171321,0.137132,0.115233,0.026472,0.010692,0.062302,0.067154
Q10P,0.214017,0.164194,0.144849,0.072104,0.086064,0.035288,0.053252,0.032593,0.304384,0.129626,0.139387,0.071855,0.070708,0.010051,0.073615,0.134652,0.130773,0.183788,0.082719,0.059861,0.072470,0.084170,0.078036,0.073327,0.074416,0.115072,0.057527,0.075311,0.076946,0.080300,0.179293,0.072173,0.131937,0.066448,0.034644,0.061259,0.076229,0.035221,0.029555,0.135853,0.100933,0.159266,0.128390,0.067698,0.298573,0.195821,0.141904,0.194650,0.135125,0.126284,0.239005,0.481869,0.654526,0.541575,0.671333,0.583767,0.566704,0.223140,0.466243,1.229460,0.931405,0.181641,0.608626,1.177451,1.994773,1.533163,0.747037,0.363824,0.234226,0.153967,0.038093,0.122036,0.077346,0.085109,0.056054,0.482549,0.093099,0.072959,0.089151,0.182533,0.075703,0.010623,0.057072,0.072966,0.048891,0.052052,0.017952,0.022226,0.020756,0.052485,0.114087,0.110704,0.065331,0.054407,0.032629,0.004670,0.196634,0.383493,0.575525,0.525313,0.312719,0.102466,0.072302,0.091701,0.077081,0.149761,0.058971,0.063660,0.067611,0.063526,0.038615,0.087352,0.131818,0.138439,0.150521,0.135286,0.197807,0.212717,0.169548,0.177257,0.242552,0.240804,0.211686,0.257782,0.217309,0.243639,0.202915,0.151027,0.103444,0.084583,0.027644,0.009623,0.029862,0.043692,0.022774,0.074823,0.136925,0.099787,0.072133,0.105781,0.124219,0.146413,0.217971,0.200346,0.194848,0.203614,0.230962,0.256386,0.262398,0.279439,0.239917,0.228285,0.174084,0.121057,0.068583,0.039536,0.022026,0.112532,0.056443,0.040861,0.041803,0.024292,0.010327,0.048518,0.148197,0.049329,0.064349,0.006218,0.025293,0.089657,0.098309,0.065823,0.093411,0.156260,0.135816,0.157022,0.186505,0.218635,0.180589,0.144817,0.124699,0.033853,0.017301,0.060242,0.068539
R29P,0.215002,0.161982,0.136172,0.076190,0.092858,0.069380,0.038064,0.071109,0.034289,0.019776,0.049065,0.104850,0.035861,0.022086,0.114291,0.148937,0.143753,0.190689,0.120444,0.058081,0.069020,0.099070,0.088983,0.070210,0.081912,0.099815,0.060775,0.050931,0.079123,0.073927,0.094216,0.073274,0.075273,0.054813,0.035592,0.061018,0.055209,0.016034,0.032066,0.129852,0.090027,0.160846,0.115336,0.071540,0.213378,0.056718,0.083753,0.153345,0.114169,0.126217,0.236936,0.461652,0.643032,0.523927,0.655731,0.572309,0.563541,0.171489,0.440742,1.225072,0.928571,0.166325,0.602720,1.175006,1.982920,1.516182,0.747665,0.356435,0.225930,0.154065,0.064666,0.110831,0.055954,0.072619,0.036299,0.112849,0.094660,0.084784,0.066004,0.170984,0.046308,0.058087,0.037719,0.068437,0.048275,0.041540,0.044121,0.143406,0.037378,0.038636,0.078506,0.040338,0.011956,0.033155,0.023744,0.027270,0.207552,0.387678,0.577908,0.536830,0.327138,0.165740,0.139663,0.277548,0.132894,0.282333,0.164300,0.130260,0.060760,0.051482,0.048818,0.082128,0.145671,0.135399,0.142995,0.140753,0.201869,0.218817,0.175112,0.182934,0.251986,0.241443,0.218356,0.257216,0.216562,0.243504,0.202854,0.150129,0.110889,0.097145,0.050403,0.003241,0.028753,0.049578,0.039394,0.071197,0.133788,0.096972,0.070851,0.107012,0.151757,0.157381,0.235625,0.199276,0.190369,0.211533,0.236597,0.276017,0.257596,0.282020,0.240264,0.228152,0.170841,0.121534,0.068622,0.027387,0.038439,0.093560,0.039733,0.049316,0.049874,0.067023,0.008216,0.056224,0.140814,0.040340,0.063762,0.025709,0.096094,0.110937,0.100147,0.100491,0.118381,0.168164,0.176801,0.141996,0.199088,0.219491,0.183395,0.145911,0.123256,0.033517,0.021505,0.068818,0.065027
T135P,0.214900,0.167435,0.135785,0.074225,0.075410,0.029823,0.038253,0.055997,0.327944,0.137672,0.143954,0.068776,0.054847,0.013130,0.056324,0.128486,0.122854,0.178645,0.066658,0.050530,0.047908,0.073123,0.074858,0.057388,0.064261,0.142941,0.058635,0.049148,0.084479,0.081149,0.185202,0.061428,0.125000,0.065664,0.044788,0.062604,0.059024,0.017810,0.039353,0.141429,0.101225,0.167790,0.140064,0.059596,0.260308,0.160218,0.127838,0.177107,0.127091,0.125783,0.236182,0.469144,0.644435,0.529543,0.662418,0.576325,0.563505,0.193763,0.460836,1.232875,0.934748,0.184053,0.608491,1.179948,1.993480,1.528301,0.744214,0.363417,0.237307,0.153059,0.035734,0.116304,0.073548,0.082312,0.065516,0.598352,0.088500,0.059608,0.041678,0.076550,0.020443,0.031093,0.018248,0.070135,0.046118,0.067584,0.026238,0.026023,0.019331,0.049107,0.106066,0.107074,0.066629,0.049154,0.033636,0.005952,0.196987,0.382206,0.573391,0.524901,0.313172,0.105447,0.073051,0.108930,0.082586,0.169085,0.072944,0.063026,0.062253,0.053589,0.034767,0.080637,0.125586,0.135612,0.151390,0.131714,0.195357,0.210358,0.165166,0.176508,0.241670,0.239981,0.210330,0.258057,0.215925,0.243385,0.203310,0.150224,0.101892,0.079054,0.020355,0.007093,0.022363,0.038068,0.020136,0.070484,0.137335,0.094886,0.071265,0.104532,0.107229,0.134579,0.226812,0.195545,0.200263,0.202153,0.230627,0.254475,0.260092,0.280321,0.237674,0.228032,0.164172,0.123566,0.071648,0.034849,0.011140,0.154749,0.061502,0.039188,0.045505,0.025602,0.025143,0.049390,0.150047,0.071399,0.060138,0.012110,0.022106,0.088122,0.098484,0.064016,0.092223,0.165409,0.144078,0.148428,0.190784,0.222707,0.181414,0.142588,0.125540,0.051885,0.038305,0.045964,0.052446
T142A,0.215205,0.165931,0.135345,0.069663,0.070518,0.025856,0.040353,0.035543,0.296424,0.133763,0.143407,0.072499,0.057519,0.017021,0.067735,0.135937,0.130077,0.180693,0.077390,0.054503,0.053553,0.075134,0.072331,0.056681,0.062641,0.118895,0.057074,0.046317,0.077642,0.079684,0.135413,0.058468,0.114860,0.060996,0.040313,0.060452,0.060585,0.021174,0.033177,0.137332,0.098154,0.170550,0.140336,0.068078,0.301892,0.168432,0.141897,0.203589,0.142804,0.125844,0.237622,0.475109,0.652771,0.537688,0.666588,0.583477,0.566167,0.196872,0.456049,1.228135,0.929776,0.179008,0.608414,1.179632,1.995955,1.532457,0.754284,0.365017,0.234402,0.149580,0.042646,0.122119,0.075288,0.081879,0.053378,0.446542,0.089753,0.062711,0.052960,0.097502,0.029388,0.033538,0.020807,0.067305,0.045442,0.061631,0.018567,0.042056,0.023781,0.052129,0.114303,0.100850,0.061389,0.050321,0.030578,0.006129,0.197061,0.383029,0.575522,0.526576,0.313795,0.109945,0.075879,0.132232,0.075829,0.181197,0.081671,0.066196,0.064239,0.061123,0.042726,0.085689,0.131351,0.144732,0.162055,0.135612,0.198651,0.212873,0.167183,0.176097,0.242268,0.239252,0.211141,0.258239,0.215693,0.243409,0.202691,0.149857,0.100183,0.080692,0.021650,0.006515,0.018628,0.040646,0.018632,0.074337,0.137476,0.098343,0.072288,0.108433,0.110016,0.142142,0.214337,0.200822,0.199445,0.204747,0.231386,0.255793,0.259682,0.279882,0.238454,0.228051,0.164128,0.125087,0.076814,0.026574,0.033458,0.142843,0.046161,0.055032,0.044171,0.021500,0.037219,0.059950,0.147965,0.057403,0.063722,0.008892,0.022455,0.090641,0.102339,0.064533,0.092402,0.161266,0.142679,0.146998,0.193002,0.224942,0.181087,0.143329,0.121897,0.032151,0.010778,0.059093,0.063576
T160K,0.214900,0.172298,0.147880,0.071383,0.088518,0.042253,0.057025,0.059495,0.300514,0.120387,0.138422,0.079695,0.081710,0.017893,0.049842,0.121329,0.118052,0.174847,0.051832,0.047949,0.042362,0.071585,0.074652,0.059050,0.064476,0.136463,0.058796,0.065345,0.079310,0.093300,0.194960,0.058885,0.165708,0.074729,0.045540,0.066422,0.076404,0.032362,0.033771,0.136207,0.129267,0.172740,0.139063,0.052100,0.272714,0.218682,0.138429,0.183666,0.123255,0.125941,0.235057,0.473501,0.642506,0.533467,0.662921,0.571763,0.560274,0.260598,0.479561,1.237512,0.939387,0.191014,0.607895,1.179840,1.995474,1.528592,0.735459,0.356635,0.236755,0.184804,0.034220,0.128840,0.073495,0.098488,0.055415,0.677623,0.084045,0.060162,0.048193,0.099474,0.031479,0.006995,0.036808,0.071921,0.047336,0.057959,0.023033,0.017842,0.008077,0.034832,0.106119,0.134842,0.075584,0.043499,0.027389,0.019781,0.196999,0.380635,0.570007,0.522070,0.311869,0.101163,0.074212,0.084020,0.087630,0.141485,0.050948,0.065053,0.059634,0.046245,0.059346,0.078143,0.124925,0.134747,0.149629,0.130571,0.195358,0.210094,0.164974,0.175821,0.240825,0.240980,0.210003,0.256075,0.215878,0.243837,0.202336,0.149761,0.102245,0.077829,0.016118,0.014601,0.040586,0.037952,0.017119,0.070456,0.131494,0.089339,0.063765,0.095446,0.094306,0.131182,0.157780,0.194568,0.191443,0.202474,0.232160,0.254862,0.260169,0.278965,0.239204,0.227224,0.159737,0.119426,0.067395,0.026514,0.022623,0.075610,0.039153,0.040828,0.043261,0.019659,0.003563,0.045357,0.120212,0.028629,0.062806,0.010152,0.020555,0.087346,0.094241,0.056383,0.089433,0.163436,0.136845,0.139990,0.182710,0.210542,0.182698,0.144920,0.123934,0.035119,0.017400,0.061964,0.067726
T76P,0.214829,0.165107,0.129592,0.080925,0.073340,0.035680,0.036431,0.047963,0.290691,0.100673,0.099167,0.063064,0.040200,0.013261,0.049036,0.118211,0.115657,0.171017,0.034472,0.043150,0.034468,0.064511,0.075221,0.055011,0.064198,0.138924,0.058734,0.062771,0.078652,0.083334,0.177807,0.060155,0.158252,0.081589,0.061875,0.073376,0.070329,0.024746,0.048436,0.149290,0.100550,0.149667,0.122819,0.057136,0.221224,0.157933,0.110810,0.138916,0.101959,0.118260,0.236169,0.465101,0.638735,0.523377,0.658975,0.572336,0.563060,0.177055,0.457437,1.225206,0.928495,0.176877,0.608506,1.180341,1.989441,1.523530,0.737884,0.365351,0.230397,0.145902,0.035726,0.081877,0.062329,0.079650,0.084731,0.706200,0.085971,0.062799,0.051998,0.091205,0.039399,0.015175,0.024054,0.071093,0.046342,0.092417,0.057190,0.034787,0.009992,0.041201,0.093178,0.101948,0.058887,0.045847,0.027245,0.050275,0.200356,0.385516,0.573869,0.523881,0.312658,0.101217,0.084936,0.082414,0.125603,0.133873,0.051397,0.064671,0.067785,0.052919,0.057021,0.080507,0.124293,0.134782,0.152573,0.130502,0.194164,0.209311,0.164235,0.177073,0.241773,0.242854,0.210442,0.258304,0.217567,0.243583,0.203677,0.152171,0.112974,0.073980,0.016718,0.015540,0.034799,0.039984,0.015361,0.070572,0.134509,0.093321,0.066025,0.098760,0.098258,0.132905,0.188607,0.195205,0.200196,0.206427,0.234994,0.259735,0.267861,0.284120,0.236473,0.227501,0.169713,0.121003,0.068527,0.053270,0.009944,0.156652,0.080074,0.045192,0.050738,0.057716,0.015695,0.050067,0.147317,0.064945,0.063276,0.025213,0.047969,0.087733,0.095298,0.060881,0.097616,0.196362,0.168400,0.222535,0.181828,0.214377,0.180818,0.144061,0.124877,0.035041,0.012744,0.052533,0.058832
V125F,0.216154,0.162349,0.137488,0.075959,0.093800,0.072433,0.038706,0.074991,0.047271,0.016793,0.047528,0.105565,0.037254,0.019800,0.116685,0.149758,0.146131,0.193260,0.119535,0.059002,0.072622,0.098112,0.085417,0.069918,0.079870,0.098894,0.060412,0.051698,0.078162,0.074312,0.110412,0.070380,0.077543,0.054658,0.033862,0.062718,0.054511,0.017065,0.029866,0.126136,0.090419,0.162939,0.113759,0.072769,0.232085,0.071447,0.091612,0.162057,0.118599,0.126392,0.237366,0.463994,0.644936,0.526819,0.658099,0.575094,0.564866,0.172233,0.442747,1.226136,0.929829,0.167208,0.604731,1.178728,1.985431,1.519071,0.747915,0.357514,0.225505,0.153394,0.065672,0.114430,0.058695,0.074779,0.037140,0.083545,0.096940,0.084890,0.072214,0.181550,0.053292,0.054312,0.040124,0.067829,0.048301,0.041189,0.040297,0.136861,0.033851,0.037704,0.081541,0.042064,0.013858,0.033676,0.023022,0.027958,0.207243,0.388132,0.578019,0.536343,0.326018,0.161523,0.134516,0.270071,0.136671,0.272988,0.157602,0.129306,0.062368,0.046584,0.056423,0.079241,0.142769,0.134782,0.141745,0.141565,0.202334,0.218731,0.176590,0.185429,0.253963,0.242697,0.220234,0.259698,0.221345,0.245440,0.203936,0.149617,0.109675,0.097864,0.050924,0.002218,0.026194,0.049750,0.039422,0.071272,0.134039,0.096635,0.070901,0.107261,0.147690,0.154297,0.232849,0.199001,0.190647,0.212578,0.237275,0.277020,0.258088,0.282783,0.242500,0.229278,0.171942,0.120925,0.067993,0.027245,0.039302,0.091255,0.039874,0.047511,0.049422,0.065935,0.007710,0.055646,0.140518,0.039896,0.063801,0.025388,0.094160,0.109919,0.100051,0.098526,0.118214,0.169156,0.178591,0.144480,0.199347,0.219595,0.182035,0.144966,0.123922,0.032884,0.016287,0.066600,0.063174
V139A,0.215854,0.166379,0.136095,0.071678,0.078597,0.027236,0.038712,0.032329,0.295317,0.133146,0.142043,0.071542,0.056169,0.015382,0.070712,0.135071,0.128836,0.180202,0.078516,0.055226,0.056113,0.076940,0.073878,0.059445,0.065255,0.119399,0.056269,0.048043,0.078648,0.079026,0.139025,0.061584,0.117390,0.062036,0.040028,0.060093,0.060513,0.019336,0.036763,0.139631,0.099879,0.169774,0.138318,0.070385,0.301820,0.166169,0.140707,0.201300,0.141686,0.125077,0.236061,0.470535,0.646909,0.532354,0.660728,0.577911,0.563497,0.193110,0.459086,1.232827,0.934645,0.180687,0.606529,1.178096,1.997316,1.532110,0.752228,0.363559,0.236050,0.151544,0.043153,0.120280,0.074720,0.080126,0.054495,0.437420,0.088652,0.062767,0.056488,0.109661,0.034340,0.031808,0.022177,0.068666,0.046191,0.067620,0.023323,0.037694,0.022172,0.051942,0.113397,0.098310,0.059367,0.049539,0.029574,0.013295,0.196968,0.381473,0.572442,0.523798,0.312670,0.109353,0.075960,0.130303,0.075163,0.176230,0.081550,0.064908,0.063445,0.060771,0.042606,0.083292,0.128198,0.143371,0.162147,0.134901,0.198515,0.211603,0.166918,0.176009,0.242062,0.239233,0.210753,0.260421,0.215691,0.244066,0.203210,0.150257,0.101280,0.080732,0.021103,0.003581,0.015962,0.039356,0.018685,0.070782,0.134530,0.094502,0.068902,0.103166,0.105615,0.134691,0.211259,0.197469,0.195164,0.201842,0.229952,0.254194,0.259422,0.279932,0.238413,0.228736,0.164532,0.125955,0.075570,0.028428,0.028499,0.149851,0.050956,0.049825,0.042827,0.024557,0.025415,0.057220,0.143923,0.058461,0.061972,0.015250,0.021480,0.086408,0.097911,0.063336,0.092178,0.162137,0.144099,0.152458,0.191051,0.223405,0.180912,0.144248,0.124601,0.035376,0.013300,0.054836,0.059286
V180F,0.218867,0.172311,0.138591,0.076162,0.075150,0.030873,0.037992,0.064356,0.348291,0.140666,0.146546,0.067091,0.057032,0.011898,0.052224,0.124217,0.120500,0.177256,0.060035,0.049583,0.046833,0.071374,0.075230,0.057903,0.065061,0.147330,0.057593,0.052444,0.083916,0.082509,0.196817,0.061143,0.136757,0.070849,0.049292,0.065225,0.062195,0.019022,0.043495,0.149974,0.109264,0.170281,0.141126,0.056734,0.251938,0.168686,0.125491,0.167608,0.120251,0.126107,0.235956,0.467472,0.640155,0.527241,0.660485,0.572403,0.562521,0.199456,0.468075,1.234948,0.937689,0.185414,0.609180,1.182689,1.993122,1.525951,0.739389,0.362986,0.238287,0.155867,0.033726,0.111711,0.072012,0.082807,0.069496,0.646484,0.088725,0.059669,0.045932,0.077647,0.026536,0.019187,0.019504,0.070435,0.047050,0.075676,0.036311,0.015505,0.013554,0.045184,0.102791,0.113141,0.068728,0.047311,0.031820,0.005132,0.198460,0.382579,0.572691,0.525070,0.313408,0.103260,0.074119,0.092150,0.095667,0.157571,0.061035,0.060198,0.061954,0.051286,0.044022,0.078308,0.122442,0.133222,0.149931,0.130964,0.194792,0.209878,0.164993,0.177671,0.242184,0.241440,0.211974,0.259605,0.218544,0.246008,0.206594,0.153434,0.106430,0.075815,0.015524,0.008983,0.026076,0.037780,0.014899,0.068106,0.132788,0.091933,0.063334,0.094618,0.099188,0.131516,0.200317,0.193838,0.200570,0.205513,0.233148,0.255593,0.261500,0.280374,0.239251,0.231911,0.164138,0.129814,0.067847,0.036470,0.010521,0.142289,0.061480,0.038478,0.043552,0.027540,0.014181,0.051122,0.141243,0.059768,0.059620,0.018246,0.027012,0.082627,0.092563,0.058919,0.091681,0.172607,0.146083,0.154758,0.186074,0.217748,0.180216,0.139418,0.121960,0.033287,0.018105,0.056414,0.061616
W119L,0.217571,0.164214,0.136163,0.070706,0.084213,0.028906,0.036620,0.018484,0.223923,0.131534,0.159566,0.077681,0.052219,0.029343,0.098534,0.158784,0.143168,0.191965,0.126482,0.058352,0.060289,0.090940,0.076062,0.052333,0.063788,0.096069,0.071573,0.068319,0.075812,0.073008,0.052197,0.055212,0.076237,0.054596,0.025468,0.059894,0.069722,0.033676,0.032632,0.114370,0.086507,0.168202,0.134041,0.088428,0.324257,0.129421,0.141209,0.219124,0.155416,0.127132,0.238305,0.471526,0.654206,0.538799,0.662546,0.581200,0.567281,0.194954,0.446013,1.226599,0.929217,0.166240,0.604646,1.174670,1.990803,1.529603,0.773329,0.364351,0.231628,0.154752,0.061648,0.124224,0.073155,0.076584,0.039104,0.131242,0.101635,0.071558,0.055029,0.089759,0.021265,0.081763,0.008446,0.064853,0.042989,0.044493,0.015806,0.090842,0.029032,0.057984,0.117190,0.069652,0.046471,0.049649,0.028072,0.006545,0.201096,0.385877,0.577744,0.531102,0.319200,0.132148,0.101348,0.189864,0.081491,0.220127,0.112786,0.085760,0.058756,0.052341,0.016334,0.081150,0.129653,0.140844,0.157284,0.135980,0.201110,0.218266,0.170411,0.178686,0.252548,0.247932,0.220205,0.268960,0.219639,0.248724,0.206007,0.152658,0.108276,0.084648,0.025254,0.011938,0.009431,0.039909,0.016760,0.074641,0.135436,0.098238,0.073127,0.105550,0.109139,0.137968,0.166075,0.198662,0.192469,0.206482,0.233525,0.263967,0.259990,0.283086,0.243129,0.231219,0.165700,0.125793,0.081911,0.042099,0.050033,0.085336,0.046432,0.084742,0.060402,0.034564,0.048624,0.066804,0.144484,0.040016,0.063015,0.008955,0.038384,0.095486,0.101318,0.070187,0.095460,0.150367,0.136421,0.125025,0.204827,0.228537,0.180861,0.143046,0.124145,0.033684,0.009425,0.052541,0.058875
Y34D,0.217526,0.165436,0.128467,0.071689,0.070613,0.046479,0.033015,0.045361,0.321085,0.139017,0.140941,0.066490,0.037222,0.020981,0.050978,0.127857,0.123091,0.179105,0.068115,0.044539,0.027147,0.065265,0.072447,0.050709,0.062152,0.139430,0.054721,0.052405,0.084314,0.078055,0.180058,0.069726,0.109419,0.057855,0.025982,0.063728,0.069927,0.007241,0.175970,0.154503,0.084111,0.154458,0.123176,0.078796,0.266599,0.099205,0.116133,0.175337,0.129712,0.125892,0.237018,0.464945,0.645481,0.528285,0.657053,0.576044,0.565093,0.174083,0.444043,1.229122,0.930883,0.166301,0.603416,1.173755,1.990860,1.530521,0.764996,0.368911,0.232984,0.168499,0.054191,0.094969,0.070858,0.072361,0.055854,0.387859,0.082030,0.060880,0.033691,0.062641,0.008947,0.031385,0.007495,0.067851,0.046799,0.077085,0.027118,0.045917,0.024879,0.057867,0.101558,0.062731,0.040976,0.047629,0.029682,0.018158,0.199240,0.383816,0.576523,0.526935,0.314708,0.116006,0.079398,0.165947,0.070922,0.179807,0.104639,0.077163,0.062226,0.056725,0.010047,0.082457,0.129648,0.137544,0.152314,0.133710,0.197997,0.211903,0.166524,0.176283,0.244103,0.240487,0.212460,0.262080,0.217745,0.246806,0.205562,0.151420,0.101215,0.078066,0.028083,0.006475,0.017203,0.038257,0.023667,0.070256,0.130812,0.095095,0.065650,0.100485,0.120196,0.139295,0.224946,0.196988,0.197228,0.203547,0.231390,0.258005,0.260693,0.282463,0.239081,0.231093,0.162594,0.124306,0.072243,0.023250,0.028951,0.165587,0.053278,0.068671,0.047729,0.024725,0.037310,0.070905,0.148542,0.059814,0.062723,0.021044,0.025181,0.083909,0.094674,0.061641,0.089512,0.162063,0.141669,0.138966,0.184214,0.215434,0.179669,0.141018,0.120531,0.029365,0.002187,0.056674,0.061421
Y64D,0.214228,0.165808,0.136603,0.071691,0.079381,0.027218,0.039947,0.037531,0.301072,0.134552,0.143660,0.072272,0.058145,0.016532,0.066523,0.135870,0.130148,0.180863,0.076097,0.054866,0.053868,0.074759,0.072203,0.056967,0.062560,0.119780,0.055953,0.045822,0.077504,0.080294,0.138601,0.058801,0.117047,0.061099,0.040828,0.060826,0.061047,0.021355,0.034105,0.137558,0.099558,0.170378,0.140840,0.068195,0.300886,0.172392,0.142220,0.202790,0.141894,0.125708,0.237322,0.474704,0.652021,0.537122,0.666833,0.583202,0.565392,0.200321,0.458394,1.219603,0.924421,0.180703,0.608475,1.182325,1.991251,1.527660,0.750072,0.365767,0.232998,0.150285,0.041143,0.121556,0.074746,0.082198,0.054439,0.459110,0.090220,0.062579,0.053609,0.098471,0.030551,0.031224,0.021139,0.067231,0.044696,0.062839,0.020063,0.037531,0.022663,0.052367,0.115061,0.104792,0.063459,0.050928,0.030986,0.004951,0.196811,0.382554,0.574019,0.525014,0.312523,0.107731,0.074792,0.125678,0.075948,0.176418,0.078669,0.065128,0.064259,0.060218,0.044034,0.084759,0.129406,0.142943,0.161018,0.134516,0.197490,0.211764,0.166802,0.176564,0.241849,0.239033,0.210723,0.257799,0.215399,0.243097,0.202415,0.150304,0.100615,0.080817,0.021459,0.006512,0.019937,0.040580,0.018019,0.072920,0.135981,0.095972,0.070781,0.105589,0.105373,0.134853,0.212264,0.197755,0.196780,0.202385,0.229752,0.254727,0.258948,0.279103,0.237432,0.227820,0.163052,0.125500,0.076489,0.027307,0.033214,0.142773,0.046412,0.053148,0.043647,0.021915,0.036522,0.059288,0.146568,0.057876,0.062953,0.009493,0.022083,0.089498,0.100843,0.063809,0.091498,0.160655,0.143003,0.148260,0.190769,0.222868,0.180216,0.143487,0.122945,0.033682,0.013373,0.056534,0.062124
